-- fabricate-flush

INSERT INTO bazar (idBazar, fechaInicio, fechaFin, calle, numInterior, numExterior, colonia, estado) VALUES
('83', '2024-05-14', '2024-05-14', '4600 Karen Perkins Street', '912', '8753', 'Baltimore', ' Baja California'),
('96', '2024-05-30', '2024-05-30', '13148 Mission Hills Trail', '40', '6995', 'Lincoln', 'Aguascalientes'),
('21', '2024-06-04', '2024-06-04', '906 Salmon Way', '3974', '3629', 'Norwalk', ' Guanajuato'),
('14', '2024-06-09', '2024-06-09', '7893 Layton Terrace', '4007', '2919', 'Honolulu', ' Morelos'),
('73', '2024-06-09', '2024-06-09', '13228 Sharon Drive', '4539', '5714', 'Buffalo', ' Campeche'),
('87', '2024-05-17', '2024-06-18', '8187 Rockingham Road', '6424', '3563', 'Hampton', ' Jalisco'),
('20', '2024-06-07', '2024-06-26', '8231 Inverness Place', '9272', '8252', 'Alexandria', ' Tlaxcala'),
('2', '2024-05-09', '2024-06-28', '130 Tain Terrace', '1677', '7084', 'Juneau', ' Baja California Sur'),
('70', '2024-07-22', '2024-07-22', '90 Burgess Drive', '8308', '4827', 'Hialeah', ' Hidalgo'),
('66', '2024-05-22', '2024-07-23', '9627 Hildalgo Drive', '3649', '884', 'Pittsburgh', ' Tamaulipas'),
('5', '2024-07-26', '2024-07-26', '13139 Deauville Court', '3729', '7988', 'Laurel', ' Tabasco'),
('80', '2024-08-09', '2024-08-09', '13716 Hollyhock Way', '948', '1304', 'Huntington Beach', ' Chiapas'),
('32', '2024-08-10', '2024-08-10', '6001 Doris Court', '9785', '7814', 'San Francisco', ' Nuevo León'),
('16', '2024-05-13', '2024-08-13', '7492 Mead Place', '1916', '2379', 'Garland', ' Sonora'),
('57', '2024-05-22', '2024-08-14', '9331 Ashford Avenue', '4707', '6009', 'Syracuse', ' Oaxaca'),
('24', '2024-06-03', '2024-08-30', '4374 Poppy Circle', '4835', '7923', 'Montgomery', ' Baja California'),
('51', '2024-06-12', '2024-09-08', '10509 Patrick Place', '4671', '7195', 'Colorado Springs', ' Nayarit'),
('26', '2024-08-10', '2024-09-11', '4114 Antonia Lane', '1728', '8743', 'Milwaukee', ' Jalisco'),
('93', '2024-09-19', '2024-09-19', '10826 Mustart Court', '5631', '2399', 'Newton', ' Oaxaca'),
('79', '2024-07-14', '2024-09-27', '7218 Sadie Avenue', '5956', '9882', 'Tyler', ' San Luis Potosí'),
('12', '2024-06-06', '2024-09-28', '7264 Crane Doran Place', '5283', '2564', 'Amarillo', ' Guerrero'),
('44', '2024-06-07', '2024-10-01', '6970 Randi Road', '8777', '2869', 'Lansing', ' Tabasco'),
('15', '2024-07-14', '2024-10-08', '13286 Juanita Court', '9401', '8226', 'New York City', ' Puebla'),
('94', '2024-10-19', '2024-10-19', '8300 Luraville Road', '5939', '2163', 'El Paso', ' Ciudad de México'),
('58', '2024-09-09', '2024-10-20', '12799 Mott Street', '6532', '1937', 'Madison', ' Baja California'),
('30', '2024-10-28', '2024-10-28', '2440 Glenwood Place', '6074', '9836', 'Saint Louis', ' San Luis Potosí'),
('34', '2024-10-28', '2024-10-28', '7011 Mincey Loop', '2154', '1399', 'Reading', ' Colima'),
('19', '2024-05-30', '2024-10-29', '3708 San Pedro Drive', '153', '7707', 'Hamilton', 'Aguascalientes'),
('59', '2024-10-31', '2024-10-31', '11266 Carla Fink Court', '7249', '5748', 'Colorado Springs', ' Sinaloa'),
('85', '2024-11-07', '2024-11-07', '3807 Chris Corley Loop', '1441', '3393', 'San Francisco', ' Chihuahua'),
('98', '2024-09-27', '2024-11-12', '12086 San Fernando Drive', '928', '3097', 'Phoenix', ' Guanajuato'),
('89', '2024-10-11', '2024-11-18', '7474 Abney Avenue', '9626', '2781', 'Pasadena', ' Morelos'),
('74', '2024-11-22', '2024-11-22', '8128 Ely Circle', '7455', '5576', 'Las Vegas', ' Coahuila'),
('7', '2024-12-05', '2024-12-05', '12119 Tisbury Avenue', '3769', '8087', 'Birmingham', ' Colima'),
('17', '2024-06-24', '2024-12-06', '10944 Kempton Place', '8184', '8916', 'Washington', ' Campeche'),
('97', '2024-12-06', '2024-12-06', '2327 Eldra Loop', '3222', '4953', 'Paterson', ' Tamaulipas'),
('45', '2024-06-15', '2024-12-07', '12178 Alcade Place', '7586', '265', 'Buffalo', ' Hidalgo'),
('46', '2024-12-11', '2024-12-11', '4152 Drayton Place', '1496', '6829', 'Los Angeles', ' San Luis Potosí'),
('69', '2024-12-14', '2024-12-14', '5829 Reedy Creek Place', '1150', '4811', 'Jackson', ' Zacatecas'),
('78', '2024-08-03', '2024-12-14', '11112 Horton Terrace', '5496', '6320', 'York', ' Quintana Roo'),
('42', '2024-12-19', '2024-12-19', '1724 Roseapple Avenue', '5229', '7498', 'San Jose', ' Nuevo León'),
('62', '2024-09-28', '2024-12-19', '8430 Clymer Court', '8502', '6537', 'Billings', ' Durango'),
('84', '2024-09-01', '2024-12-23', '9166 Rees Place', '7202', '9862', 'Rochester', ' Nuevo León'),
('4', '2024-10-01', '2024-12-24', '8158 Teasdale Terrace', '3818', '6923', 'Washington', ' Zacatecas'),
('88', '2024-12-29', '2024-12-29', '12589 Knowlton Avenue', '7180', '8835', 'Savannah', ' Querétaro'),
('95', '2024-12-13', '2024-12-29', '2116 Abdella Way', '7478', '9076', 'Saint Paul', ' Guerrero'),
('64', '2025-01-08', '2025-01-08', '3397 Dunbar Avenue', '6498', '4792', 'Memphis', ' Querétaro'),
('43', '2024-12-07', '2025-01-11', '4192 Judith Lane', '6810', '6494', 'Houston', ' Campeche'),
('60', '2024-12-16', '2025-01-13', '9921 Birchbrook Avenue', '7524', '7840', 'Houston', ' Puebla'),
('90', '2024-08-09', '2025-01-14', '9227 Jubilee Court', '9108', '5298', 'Washington', ' Veracruz'),
('86', '2024-07-12', '2025-01-15', '7139 Silverstreet Way', '1488', '5008', 'Green Bay', ' Colima'),
('48', '2025-01-17', '2025-01-17', '13449 Woodbridge Way', '2228', '8727', 'Maple Plain', ' Coahuila'),
('71', '2024-06-17', '2025-01-17', '4293 Cichielo Court', '2397', '894', 'Yonkers', ' Guanajuato'),
('81', '2025-01-17', '2025-01-17', '6340 Jonesville Terrace', '4705', '8215', 'Charlotte', ' Tlaxcala'),
('100', '2025-01-20', '2025-01-20', '12564 Pelchat Place', '6985', '2201', 'Norfolk', ' Chihuahua'),
('18', '2024-10-22', '2025-01-23', '9468 Lisbon Lane', '511', '1972', 'Albany', ' Sinaloa'),
('28', '2024-04-26', '2025-01-23', '13431 Jordan Street', '3790', '3713', 'Arlington', ' Quintana Roo'),
('75', '2024-11-08', '2025-01-28', '8083 Whitten Terrace', '4764', '5258', 'Duluth', ' Durango'),
('77', '2024-10-07', '2025-01-28', '12599 Zanzibar Place', '9353', '8076', 'Miami', ' Baja California Sur'),
('25', '2024-09-16', '2025-02-01', '6695 Newcastle Avenue', '277', '5578', 'Virginia Beach', ' Hidalgo'),
('37', '2024-10-14', '2025-02-04', '6852 Irdell Avenue', '6016', '1018', 'Lubbock', ' Guanajuato'),
('33', '2025-02-05', '2025-02-05', '14597 Evelynton Loop', '159', '8822', 'Chicago', ' Yucatán'),
('27', '2024-10-07', '2025-02-06', '9847 Mary Loop', '4441', '9043', 'Richmond', ' Chiapas'),
('35', '2025-02-06', '2025-02-06', '5911 Dipper Loop', '1180', '8932', 'Minneapolis', 'Aguascalientes'),
('92', '2024-12-13', '2025-02-07', '8177 St. Andrews Blvd.', '8324', '3318', 'Topeka', ' Tabasco'),
('63', '2025-02-12', '2025-02-12', '10314 Arteaga Way', '4927', '7879', 'Atlanta', ' Ciudad de México'),
('56', '2024-07-28', '2025-02-16', '13292 Dyals Court', '9045', '4117', 'Shawnee Mission', ' Michoacán'),
('10', '2025-02-17', '2025-02-17', '741 Duncan Drive', '5162', '3634', 'Austin', ' Coahuila'),
('1', '2024-05-06', '2025-02-19', '9270 Merrit Lane', '718', '6560', 'Wilkes Barre', ' Michoacán'),
('41', '2025-02-20', '2025-02-20', '6188 Foggy Brook Loop', '9881', '8840', 'Littleton', ' Sonora'),
('23', '2024-09-21', '2025-02-21', '11428 Everwood Court', '5225', '9980', 'New York City', ' Durango'),
('55', '2024-05-17', '2025-02-21', '11127 Belmont Place', '1987', '2130', 'Oklahoma City', ' Estado de México'),
('67', '2024-08-06', '2025-02-26', '11162 Cancun Court', '708', '4871', 'Plano', ' Sonora'),
('11', '2024-12-28', '2025-02-28', '13757 Nursery Place', '7378', '3824', 'Springfield', ' Estado de México'),
('82', '2025-03-02', '2025-03-02', '4676 Duxbury Lane', '8020', '2791', 'Trenton', ' Nayarit'),
('54', '2024-08-01', '2025-03-03', '9925 Kathleen Lane', '5267', '1435', 'Naples', ' Quintana Roo'),
('8', '2024-08-25', '2025-03-04', '2857 Hardrick Place', '8617', '3936', 'New Orleans', ' Veracruz'),
('13', '2025-03-04', '2025-03-04', '14461 Eastover Terrace', '4518', '9789', 'Austin', ' Tamaulipas'),
('9', '2025-03-05', '2025-03-05', '2506 Bosie Run', '3654', '6384', 'Detroit', ' Chihuahua'),
('40', '2025-03-06', '2025-03-06', '13809 Rio Grande Avenue', '4931', '242', 'Oakland', ' Zacatecas'),
('38', '2024-07-05', '2025-03-09', '10604 Hillard Lane', '7712', '8910', 'Hayward', ' Morelos'),
('22', '2025-03-12', '2025-03-12', '6830 Hames Lane', '953', '3517', 'Tacoma', ' Ciudad de México'),
('47', '2025-03-14', '2025-03-14', '7143 Deuberry Terrace', '7353', '7112', 'Melbourne', ' Tamaulipas'),
('76', '2024-05-23', '2025-03-18', '4532 Mott Street', '7884', '2244', 'Washington', ' Sinaloa'),
('49', '2025-02-06', '2025-03-20', '9148 Harvey Lane', '2161', '3416', 'New York City', ' Veracruz'),
('3', '2025-01-26', '2025-03-24', '9717 Umland Lane', '2602', '8706', 'Texarkana', ' Querétaro'),
('53', '2025-03-26', '2025-03-26', '10131 Tremont Street', '8757', '6096', 'Oakland', ' Jalisco'),
('72', '2024-12-01', '2025-03-31', '3435 Hillcrest Drive', '5467', '2869', 'Mesa', ' Puebla'),
('29', '2024-10-21', '2025-04-03', '11037 Bayhill Court', '7200', '212', 'Shreveport', ' Yucatán'),
('91', '2025-04-05', '2025-04-05', '5976 Pacillo Place', '1690', '1249', 'Huntington', ' Yucatán'),
('6', '2025-04-06', '2025-04-06', '8531 Red Hill Road', '7857', '2137', 'Seattle', ' Oaxaca'),
('68', '2025-01-19', '2025-04-06', '1449 Nellie Road', '4739', '8135', 'Fresno', ' Michoacán'),
('52', '2025-02-05', '2025-04-07', '9629 Thorne Path', '4691', '1425', 'Aiken', ' Guerrero'),
('65', '2025-04-07', '2025-04-07', '11759 Mansfield Street', '3360', '6532', 'Louisville', ' Estado de México'),
('61', '2025-04-10', '2025-04-10', '4763 Beauclair Place', '3878', '2658', 'Watertown', ' Chihuahua'),
('39', '2025-04-14', '2025-04-14', '3473 Bottlebrush Street', '7136', '1980', 'Fort Smith', ' Tlaxcala'),
('50', '2025-04-14', '2025-04-14', '10019 Loadstar Avenue', '2979', '5854', 'Springfield', ' Baja California Sur'),
('36', '2024-07-03', '2025-04-17', '4112 Broxton Place', '7797', '7605', 'Houston', ' Chiapas'),
('31', '2025-04-18', '2025-04-18', '860 Tupelo Terrace', '3223', '1331', 'Fort Lauderdale', ' Nayarit'),
('99', '2024-08-15', '2025-04-24', '2185 Ortez Lane', '2051', '7221', 'Charlotte', ' Sonora');


-- fabricate-flush


INSERT INTO agenda (idAgenda, idBazar, fecha) VALUES
('1', '62', '2025-02-14'),
('2', '66', '2024-11-14'), 
('3', '85', '2025-01-21'),
('4', '92', '2024-08-18'),
('5', '48', '2024-08-15'),
('6', '55', '2025-02-27'),
('7', '24', '2024-09-24'),
('8', '46', '2025-04-04'),
('9', '53', '2025-04-04'),
('10', '74', '2024-08-04'),
('11', '42', '2025-02-19'),
('12', '49', '2024-07-11'),
('13', '67', '2024-08-29'),
('14', '12', '2025-04-06'),
('15', '73', '2025-01-31'),
('16', '32', '2024-12-11'),
('17', '80', '2025-02-02'),
('18', '25', '2024-10-13'),
('19', '64', '2024-11-16'),
('20', '68', '2024-11-20'),
('21', '93', '2024-05-27'),
('22', '50', '2024-10-12'),
('23', '52', '2024-04-29'),
('24', '6', '2024-07-06'),
('25', '3', '2025-04-04'),
('26', '16', '2024-09-01'),
('27', '1', '2024-11-18'),
('28', '54', '2024-06-17'),
('29', '28', '2025-03-24'),
('30', '91', '2025-02-23'),
('31', '27', '2025-03-28'),
('32', '99', '2024-11-04'),
('33', '31', '2024-11-22'),
('34', '60', '2025-02-04'),
('35', '35', '2024-05-29'),
('36', '75', '2024-08-09'),
('37', '90', '2024-10-06'),
('38', '96', '2024-08-17'),
('39', '45', '2025-02-07'),
('40', '71', '2024-07-25'),
('41', '78', '2024-12-31'),
('42', '56', '2025-03-28'),
('43', '59', '2024-05-17'),
('44', '40', '2024-11-02'),
('45', '41', '2025-04-05'),
('46', '76', '2024-11-29'),
('47', '18', '2024-08-07'),
('48', '10', '2025-01-31'),
('49', '97', '2025-01-21'),
('50', '39', '2025-02-11'),
('51', '51', '2025-01-28'),
('52', '89', '2024-10-16'),
('53', '33', '2025-02-14'),
('54', '19', '2024-12-30'),
('55', '87', '2024-05-18'),
('56', '98', '2024-07-16'),
('57', '63', '2024-10-15'),
('58', '69', '2025-02-04'),
('59', '95', '2024-08-22'),
('60', '29', '2025-01-07'),
('61', '100', '2025-02-02'),
('62', '47', '2025-02-16'),
('63', '23', '2024-09-21'),
('64', '61', '2025-01-31'),
('65', '43', '2024-05-26'),
('66', '84', '2024-08-12'),
('67', '58', '2025-04-03'),
('68', '4', '2024-07-19'),
('69', '8', '2025-02-23'),
('70', '36', '2024-08-27'),
('71', '11', '2024-08-09'),
('72', '20', '2024-10-19'),
('73', '14', '2025-03-25'),
('74', '44', '2024-05-21'),
('75', '38', '2024-11-12'),
('76', '65', '2024-12-03'),
('77', '9', '2025-04-11'),
('78', '83', '2024-09-21'),
('79', '22', '2025-01-03'),
('80', '70', '2024-06-12'),
('81', '13', '2025-02-26'),
('82', '86', '2024-10-16'),
('83', '88', '2024-05-26'),
('84', '2', '2025-02-06'),
('85', '17', '2024-08-25'),
('86', '26', '2024-07-29'),
('87', '37', '2025-01-18'),
('88', '82', '2024-08-27'),
('89', '94', '2025-04-03'),
('90', '30', '2024-12-29'),
('91', '77', '2024-08-23'),
('92', '34', '2025-03-21'),
('93', '72', '2025-04-06'),
('94', '81', '2025-02-07'),
('95', '21', '2024-08-04'),
('96', '5', '2025-02-03'),
('97', '15', '2024-05-29'),
('98', '57', '2024-09-08'),
('99', '7', '2024-09-09'),
('100', '79', '2024-06-10');


-- fabricate-flush

INSERT INTO amenidades (idBazar, amenidad) VALUES
('69', 'Área de juegos infantiles'),
('96', 'Terraza'),
('37', 'Seguridad 24 horas'),
('34', 'Centro de negocios'),
('97', 'Asador'),
('94', 'Sala de cine'),
('66', 'Sala de juntas'),
('79', 'Roof garden'),
('56', 'Gimnasio'),
('54', 'Cancha de tenis'),
('60', 'Bicicletero'),
('52', 'Piscina'),
('24', 'Elevador'),
('11', 'Spa'),
('99', 'Estacionamiento'),
('6', 'Jardín'),
('92', 'Lavandería'),
('89', 'Pet friendly'),
('33', 'Cancha de fútbol'),
('20', 'Salón de eventos'),
('21', 'Gimnasio'),
('58', 'Terraza'),
('64', 'Bicicletero'),
('5', 'Sala de juntas'),
('32', 'Asador'),
('22', 'Roof garden'),
('80', 'Cancha de fútbol'),
('30', 'Jardín'),
('26', 'Lavandería'),
('23', 'Elevador'),
('75', 'Estacionamiento'),
('70', 'Centro de negocios'),
('25', 'Spa'),
('36', 'Sala de cine'),
('72', 'Pet friendly'),
('78', 'Salón de eventos'),
('1', 'Área de juegos infantiles'),
('100', 'Cancha de tenis'),
('68', 'Piscina'),
('63', 'Seguridad 24 horas'),
('13', 'Salón de eventos'),
('28', 'Jardín'),
('91', 'Bicicletero'),
('47', 'Seguridad 24 horas'),
('35', 'Sala de juntas'),
('67', 'Asador'),
('55', 'Estacionamiento'),
('87', 'Sala de cine'),
('29', 'Cancha de tenis'),
('62', 'Terraza'),
('88', 'Lavandería'),
('81', 'Elevador'),
('31', 'Spa'),
('10', 'Roof garden'),
('45', 'Área de juegos infantiles'),
('98', 'Centro de negocios'),
('40', 'Piscina'),
('76', 'Cancha de fútbol'),
('82', 'Pet friendly'),
('74', 'Gimnasio'),
('16', 'Spa'),
('7', 'Gimnasio'),
('53', 'Bicicletero'),
('12', 'Cancha de fútbol'),
('42', 'Terraza'),
('48', 'Seguridad 24 horas'),
('95', 'Cancha de tenis'),
('3', 'Elevador'),
('46', 'Jardín'),
('19', 'Centro de negocios'),
('57', 'Piscina'),
('43', 'Roof garden'),
('50', 'Estacionamiento'),
('61', 'Sala de juntas'),
('49', 'Salón de eventos'),
('85', 'Pet friendly'),
('65', 'Asador'),
('18', 'Área de juegos infantiles'),
('39', 'Sala de cine'),
('90', 'Lavandería'),
('4', 'Piscina'),
('2', 'Seguridad 24 horas'),
('84', 'Cancha de fútbol'),
('73', 'Estacionamiento'),
('8', 'Cancha de tenis'),
('59', 'Sala de juntas'),
('9', 'Asador'),
('77', 'Gimnasio'),
('93', 'Lavandería'),
('14', 'Roof garden'),
('27', 'Spa'),
('71', 'Pet friendly'),
('41', 'Jardín'),
('38', 'Terraza'),
('17', 'Elevador'),
('15', 'Área de juegos infantiles'),
('83', 'Sala de cine'),
('44', 'Centro de negocios'),
('86', 'Bicicletero'),
('51', 'Salón de eventos');


-- fabricate-flush


INSERT INTO cliente (idCliente, esClienteFisico, esClienteLinea, nombre, apellidoPaterno, apellidoMaterno, metodoPago, calle, numExterior, numInterior, colonia, estado, numTarjeta, vencimiento, cvv) VALUES
('36', '1', '1', 'Constanta', 'Bliben', 'Bliben', 'Cheque', '149 Ladd Court', '7528', '399', 'Arlington', ' Yucatán', '5371491988091006', TO_DATE('01-2027', 'MM-YYYY'), '738'),
('46', '1', '0', 'Damon', 'Blakiston', 'Blakiston', 'Paypal', '6141 Christi Court', '175', '233', 'Tempe', ' San Luis Potosí', '3773358068106412', TO_DATE('01-2028' , 'MM-YYYY'), '951'),
('5', '1', '0', 'Keefe', 'Yewdall', 'Yewdall', 'Crédito', '9155 Buster Place', '4865', '280', 'Huntington', ' Sinaloa', '3475064804456444', TO_DATE('01-2030' , 'MM-YYYY'), '802'),
('26', '0', '1', 'Amity', 'Siddle', 'Siddle', 'Paypal', '9899 Lennie Loop', '994', '184', 'Montgomery', ' Ciudad de México', '8473621093847562', TO_DATE('01-2030' , 'MM-YYYY'), '585'),
('64', '1', '1', 'Betty', 'Iacomini', 'Iacomini', 'Crédito', '10373 Oboe Way', '4385', '398', 'Corpus Christi', ' Coahuila', '9038475620918374', TO_DATE('01-2031' , 'MM-YYYY'), '848'),
('11', '1', '0', 'Twyla', 'Wemyss', 'Wemyss', 'Crédito', '7320 Boardroom Trail', '8663', '161', 'Shreveport', ' Estado de México', '1928374650918273',TO_DATE('01-2032' , 'MM-YYYY') , '325'),
('42', '1', '1', 'Miran', 'Novichenko', 'Novichenko', 'Transfer', '8634 Del Toro Drive', '4975', '59', 'Odessa', ' Puebla', '8374659102837444', TO_DATE('01-2032' , 'MM-YYYY'), '606'),
('51', '1', '1', 'Tanhya', 'Elkington', 'Elkington', 'Transfer', '1641 Pomegranate Path', '7861', '391', 'Rochester', ' Guanajuato', '9485761029384321',TO_DATE('01-2032' , 'MM-YYYY') , '487'),
('24', '1', '1', 'Bond', 'Nancarrow', 'Nancarrow', 'Cheque', '9919 Bellavista Circle', '3345', '332', 'Columbia', ' Oaxaca', '6177065898485629', TO_DATE('01-2033' , 'MM-YYYY'), '477'),
('28', '1', '0', 'Jewell', 'Votier', 'Votier', 'Cheque', '1236 Bernwell Court', '4278', '459', 'White Plains', ' Tlaxcala', '8374659102837000', TO_DATE('02-2026' , 'MM-YYYY'), '892'),
('30', '1', '1', 'Aylmer', 'Chavez', 'Chavez', 'Tarjeta', '12331 Atwood Way', '7626', '417', 'Dallas', ' Hidalgo', '3847562918374999',TO_DATE('02-2028' , 'MM-YYYY') , '157'),
('76', '1', '1', 'Elke', 'Isakovitch', 'Isakovitch', 'Transfer', '13967 Dillon Lane', '7320', '474', 'Rochester', ' Campeche', '8475629102837555',TO_DATE('02-2028' , 'MM-YYYY') , '399'),
('94', '0', '1', 'Nickolas', 'Stucksbury', 'Stucksbury', 'Tarjeta', '991 Boyd Circle', '394', '216', 'Honolulu', ' Guerrero', '1928374651028765', TO_DATE('02-2032' , 'MM-YYYY'), '337'),
('97', '0', '1', 'Dinny', 'Douglass', 'Douglass', 'Crédito', '11515 Ridgeland Path', '3190', '385', 'Miami', ' Campeche', '3746591028374111', TO_DATE('02-2032' , 'MM-YYYY'), '118'),
('18', '1', '0', 'Roosevelt', 'Nurcombe', 'Nurcombe', 'Cheque', '2178 Jujube Avenue', '6011', '409', 'Cleveland', ' Colima', '1029384756102010',TO_DATE('02-2034' , 'MM-YYYY') , '646'),
('3', '0', '1', 'Lois', 'Dorken', 'Dorken', 'Paypal', '13063 Britton Drive', '275', '160', 'Brooklyn', ' Sonora', '8475629102837666',TO_DATE('03-2026' , 'MM-YYYY') , '624'),
('9', '1', '0', 'Isak', 'Paine', 'Paine', 'Efectivo', '1979 Makoski Place', '1949', '110', 'San Diego', ' Coahuila', NULL, NULL, NULL),
('13', '0', '1', 'Zebulen', 'Philipps', 'Philipps', 'Crédito', '13848 Long Loop', '3621', '267', 'El Paso', ' Jalisco', '1029384756102222',TO_DATE('03-2027' , 'MM-YYYY') , '236'),
('44', '1', '1', 'Sibbie', 'Pannaman', 'Pannaman', 'Transfer', '2140 Swainwood Court', '8077', '403', 'Macon', ' Baja California', '5486115221580226', TO_DATE('03-2027' , 'MM-YYYY'), '106'),
('85', '0', '1', 'Isiahi', 'Chaim', 'Chaim', 'Crédito', '14138 Biller Circle', '2676', '352', 'Evanston', ' Chiapas', '5519978828972612', TO_DATE('03-2028' , 'MM-YYYY'), '535'),
('91', '0', '1', 'Verney', 'Wileman', 'Wileman', 'Transfer', '12790 Interlochen Road', '6446', '445', 'Indianapolis', ' Yucatán', '5588828724925030', TO_DATE('03-2031' , 'MM-YYYY') , '105'),
('96', '0', '1', 'Lanae', 'Sidnall', 'Sidnall', 'Paypal', '4994 Lightbody Lane', '2171', '258', 'Peoria', 'Aguascalientes', '1928374651029384',TO_DATE('03-2031' , 'MM-YYYY') , '209'),
('83', '0', '1', 'Germain', 'Elwill', 'Elwill', 'Crédito', '7834 Samantha Court', '157', '26', 'Houston', ' Oaxaca', '3746591028374650', TO_DATE('03-2033' , 'MM-YYYY'), '544'),
('95', '1', '1', 'Eugen', 'Valek', 'Valek', 'Crédito', '4845 Gomez Place', '402', '379', 'Kansas City', ' Michoacán', '8374659102837461', TO_DATE('03-2033' , 'MM-YYYY'), '592'),
('99', '1', '1', 'Ronnica', 'Grooby', 'Grooby', 'Transfer', '10373 Dawn Place', '3951', '107', 'Jackson', ' San Luis Potosí', '4498977874055627', TO_DATE('03-2034' , 'MM-YYYY'), '946'),
('50', '0', '1', 'Asa', 'Alliston', 'Alliston', 'Paypal', '4472 Mincey Loop', '7106', '498', 'Sacramento', ' Morelos', '4275753427703883',TO_DATE('04-2026' , 'MM-YYYY') , '803'),
('59', '0', '1', 'Lu', 'Hovenden', 'Hovenden', 'Paypal', '8398 Belcherry Loop', '2053', '327', 'Toledo', ' Estado de México', '4562918374659102', TO_DATE('04-2027' , 'MM-YYYY'), '718'),
('67', '1', '0', 'Lenka', 'Winkworth', 'Winkworth', 'Efectivo', '3983 Janesy Court', '8437', '54', 'Paterson', ' Nayarit', '5390951147494513',TO_DATE('04-2029' , 'MM-YYYY') , '232'),
('71', '1', '1', 'Jonis', 'Trewhela', 'Trewhela', 'Paypal', '1007 Judah Street', '6521', '464', 'El Paso', ' Sinaloa', '9102837465102938',TO_DATE('04-2032' , 'MM-YYYY') , '115'),
('82', '1', '0', 'Dominic', 'Tibbles', 'Tibbles', 'Efectivo', '7717 Valverda Drive', '270', '14', 'Springfield', ' Hidalgo', '3746591029384756', TO_DATE('04-2033' , 'MM-YYYY'), '623'),
('21', '0', '1', 'Silas', 'Marriot', 'Marriot', 'Transfer', '7656 Liendo Lane', '6263', '349', 'Seattle', ' Tabasco', '4979186189493998',TO_DATE('04-2034' , 'MM-YYYY') , '619'),
('98', '1', '0', 'Isadore', 'Swane', 'Swane', 'Efectivo', '1022 Makoski Place', '3707', '398', 'Erie', ' Tabasco', '5135625874837330', TO_DATE('04-2034' , 'MM-YYYY'), '385'),
('2', '1', '0', 'Ranee', 'Lamdin', 'Lamdin', 'Efectivo', '5362 Mcnair Terrace', '7861', '332', 'Philadelphia', ' Yucatán', NULL, NULL, NULL),
('19', '1', '0', 'Annmaria', 'Tyt', 'Tyt', 'Crédito', '14994 Osage Place', '4761', '139', 'El Paso', 'Aguascalientes', '5579922405830709', TO_DATE('08-2025' , 'MM-YYYY'), '810'),
('69', '0', '1', 'Luella', 'Clemow', 'Clemow', 'Tarjeta', '5437 Keeneland Place', '8004', '22', 'Madison', ' Chihuahua', '5194556787656061', TO_DATE('09-2025' , 'MM-YYYY'), '865'),
('48', '1', '0', 'Sonnie', 'Mathevet', 'Mathevet', 'Cheque', '2063 Fechtel Avenue', '7544', '285', 'Albuquerque', ' Baja California Sur', '1029384756102837', TO_DATE('05-2026' , 'MM-YYYY'), '616'),
('73', '1', '1', 'Kippie', 'Lehmann', 'Lehmann', 'Cheque', '11285 Whisper Street', '8001', '341', 'Long Beach', ' Quintana Roo', '8475629102837465', TO_DATE('05-2027' , 'MM-YYYY'), '591'),
('22', '1', '1', 'Cammy', 'Petrovsky', 'Petrovsky', 'Tarjeta', '6046 Hills Court', '1530', '387', 'San Bernardino', ' Puebla', '1928374650918273', TO_DATE('05-2028' , 'MM-YYYY'), '532'),
('45', '1', '1', 'Aguste', 'Claybourn', 'Claybourn', 'Tarjeta', '14093 Seaman Street', '6373', '175', 'Washington', ' Colima', '3847562918374650', TO_DATE('05-2029' , 'MM-YYYY'), '841'),
('80', '0', '1', 'Hadria', 'Lymer', 'Lymer', 'Tarjeta', '12322 Pomeroy Terrace', '3813', '309', 'Maple Plain', ' Tabasco', '5213153838248077',TO_DATE('05-2033' , 'MM-YYYY') , '405'),
('15', '1', '0', 'Neale', 'Stonehewer', 'Stonehewer', 'Tarjeta', '10059 Gennesse Lane', '6582', '411', 'Irvine', ' Campeche', '2837465910203847', TO_DATE('05-2034', 'MM-YYYY'), '253'),
('79', '1', '0', 'Nissa', 'Whytock', 'Whytock', 'Transfer', '9311 Locustwood Court', '5698', '54', 'White Plains', ' Ciudad de México', '9102837465910283', TO_DATE('08-2025' , 'MM-YYYY'), '885'),
('88', '1', '0', 'Jarrett', 'MacCrossan', 'MacCrossan', 'Tarjeta', '11399 Beacon Hill Court', '7333', '63', 'Santa Barbara', ' Baja California Sur', '8475629102837465', TO_DATE('08-2025' , 'MM-YYYY'), '308'),
('61', '1', '0', 'Hally', 'Ledwich', 'Ledwich', 'Efectivo', '10 Barrineau Place', '8303', '35', 'Lafayette', ' Quintana Roo', NULL, NULL, NULL),
('72', '1', '0', 'Muhammad', 'Leates', 'Leates', 'Transfer', '2271 Anthony Terrace', '8435', '135', 'Boise', ' Morelos', '1029384756103948', TO_DATE('06-2027' , 'MM-YYYY'), '941'),
('87', '1', '0', 'Bernice', 'Motton', 'Motton', 'Transfer', '7253 Fox Place', '6654', '73', 'Salt Lake City', ' San Luis Potosí', '5414025198652030', TO_DATE('06-2029' , 'MM-YYYY'), '366'),
('10', '1', '1', 'Valentino', 'Shapcott', 'Shapcott', 'Tarjeta', '12792 Blaise Terrace', '4659', '286', 'Denver', ' Baja California Sur', '3847562918374950', TO_DATE('06-2030' , 'MM-YYYY'), '329'),
('49', '1', '1', 'Martha', 'Tebbs', 'Tebbs', 'Tarjeta', '3705 Pensacola Place', '7349', '174', 'Nashville', ' Ciudad de México', '4555986146290268', TO_DATE('06-2030' , 'MM-YYYY'), '761'),
('77', '1', '1', 'Miltie', 'Di Francecshi', 'Di Francecshi', 'Tarjeta', '14352 Boudreau Circle', '3597', '6', 'Fort Pierce', ' Jalisco', '2948571029384756', TO_DATE('06-2030' , 'MM-YYYY'), '419'),
('57', '1', '1', 'Francois', 'McCarty', 'McCarty', 'Transfer', '5590 Lazdowski Way', '8047', '11', 'San Antonio', ' Durango', '8572019384756102',TO_DATE('06-2031' , 'MM-YYYY') , '286'),
('4', '1', '0', 'Alric', 'Laughren', 'Laughren', 'Tarjeta', '6905 Noble Way', '195', '114', 'Canton', ' Nuevo León', '5460386270101053', TO_DATE('06-2034' , 'MM-YYYY'), '966'),
('7', '1', '0', 'Darren', 'Amthor', 'Amthor', 'Transfer', '4877 Sebastion Avenue', '51', '35', 'San Diego', ' Querétaro', '1938475610293847',TO_DATE('07-2025' , 'MM-YYYY') , '456'),
('63', '0', '1', 'Rocky', 'Whetland', 'Whetland', 'Tarjeta', '4633 Cancun Court', '3302', '309', 'Winston Salem', ' Hidalgo', '9485761029384756', TO_DATE('07-2026' , 'MM-YYYY'), '303'),
('17', '0', '1', 'Dixie', 'Ferrandez', 'Ferrandez', 'Transfer', '74 Welcome Way', '2052', '381', 'Apache Junction', ' Nayarit', '9102837465912837',TO_DATE('07-2027', 'MM-YYYY') , '340'),
('38', '1', '0', 'Manolo', 'Healks', 'Healks', 'Paypal', '13377 Bernay Court', '3314', '164', 'San Jose', ' Michoacán', '4756102837465910',TO_DATE('07-2029' , 'MM-YYYY') , '637'),
('52', '0', '1', 'Renata', 'Bigadike', 'Bigadike', 'Paypal', '7015 Lester Drive', '1626', '82', 'Champaign', ' Zacatecas', '5596439852213106',TO_DATE('07-2029' , 'MM-YYYY') , '393'),
('43', '1', '0', 'Garvy', 'Feechum', 'Feechum', 'Crédito', '13325 Lewiston Lane', '6123', '229', 'Providence', ' Nayarit', '3847562918374221', TO_DATE('07-2030' , 'MM-YYYY'), '583'),
('68', '1', '0', 'Marina', 'Perel', 'Perel', 'Cheque', '2467 San Marino Drive', '5712', '440', 'Fort Worth', ' Estado de México', '4135747828559662', TO_DATE('07-2030' , 'MM-YYYY'), '243'),
('56', '1', '1', 'Rolfe', 'Casbon', 'Casbon', 'Efectivo', '4412 Pengrove Pass Court', '9297', '315', 'Raleigh', 'Aguascalientes', '5564677515899740', TO_DATE('07-2031' , 'MM-YYYY'), '765'),
('90', '1', '1', 'Nikolos', 'Hammersley', 'Hammersley', 'Cheque', '10712 Ardsley Place', '208', '374', 'Gilbert', ' Querétaro', '8475629102837001', TO_DATE('07-2033' , 'MM-YYYY'), '801'),
('34', '0', '1', 'Malory', 'Lindeman', 'Lindeman', 'Transfer', '8771 Euclid Terrace', '9377', '294', 'Detroit', ' Sinaloa', '1928374651028333', TO_DATE('07-2034' , 'MM-YYYY'), '306'),
('37', '1', '0', 'Chrysler', 'MacManus', 'MacManus', 'Tarjeta', '162 Fenholloway Lane', '5895', '430', 'Mobile', ' Campeche', '3746591028374888', TO_DATE('07-2034' , 'MM-YYYY'), '627'),
('47', '0', '1', 'Arleyne', 'Robinette', 'Robinette', 'Tarjeta', '1567 Indigo Avenue', '6421', '61', 'Dallas', ' Chiapas', '5478593114304609', TO_DATE('07-2034' , 'MM-YYYY'), '966'),
('60', '1', '0', 'Tina', 'Eastes', 'Eastes', 'Cheque', '4802 Kilcrease Loop', '2567', '192', 'Battle Creek', ' Tabasco', '5314068233579025', TO_DATE('07-2034' , 'MM-YYYY'), '910'),
('35', '1', '0', 'Charles', 'Elwel', 'Elwel', 'Efectivo', '3070 Ramos Drive', '5467', '11', 'Huntington', ' Tamaulipas', '6102493748344229', TO_DATE('08-2025' , 'MM-YYYY'), '438'),
('1', '1', '0', 'Yankee', 'Penbarthy', 'Penbarthy', 'Paypal', '536 Antonia Lane', '488', '213', 'Waco', ' Quintana Roo', '5476010629350664', TO_DATE('08-2026' , 'MM-YYYY'), '391'),
('16', '0', '1', 'Chandal', 'Kingaby', 'Kingaby', 'Paypal', '13136 Rainwood Avenue', '1265', '299', 'Washington', ' Morelos', '5450084942167337', TO_DATE('08-2026' , 'MM-YYYY'), '430'),
('100', '0', '1', 'Kennedy', 'Jacqueminot', 'Jacqueminot', 'Tarjeta', '13381 Dundee Terrace', '4891', '70', 'Reston', ' Jalisco', '1029384756102555', TO_DATE('08-2029' , 'MM-YYYY'), '594'),
('84', '0', '1', 'Nathanil', 'Vallentin', 'Vallentin', 'Crédito', '2521 Steele Path', '9114', '88', 'Charlotte', ' Baja California', '3847562918374001', TO_DATE('08-2030' , 'MM-YYYY'), '758'),
('31', '0', '1', 'Meade', 'Ciccone', 'Ciccone', 'Tarjeta', '6114 Jackpot Court', '9287', '271', 'Oklahoma City', ' Tamaulipas', '8475629102837888', TO_DATE('08-2031' , 'MM-YYYY'), '701'),
('54', '1', '1', 'Felic', 'Ledson', 'Ledson', 'Efectivo', '8092 Chilton Court', '5913', '90', 'Arlington', ' Veracruz', '4655759365337865', TO_DATE('08-2032' , 'MM-YYYY'), '802'),
('12', '0', '1', 'Munmro', 'Jeenes', 'Jeenes', 'Paypal', '4541 Chestnut Terrace', '2246', '173', 'Memphis', ' Baja California', '1029384756102876', TO_DATE('08-2034' , 'MM-YYYY'), '857'),
('55', '1', '1', 'Heidi', 'Tilly', 'Tilly', 'Crédito', '2884 Algonquin Road', '4450', '295', 'Tulsa', ' Nuevo León', '2837465910203444', TO_DATE('09-2025' , 'MM-YYYY'), '810'),
('74', '1', '0', 'Lucy', 'Master', 'Master', 'Crédito', '3701 Iris Way', '5667', '392', 'Columbus', ' Guanajuato', '9102837465910999', TO_DATE('09-2030' , 'MM-YYYY'), '864'),
('92', '1', '0', 'Wilton', 'Grimsley', 'Grimsley', 'Efectivo', '10314 West Schwartz Blvd.', '4953', '401', 'Peoria', ' Coahuila', '5158089685289326', TO_DATE( '09-2030', 'MM-YYYY'), '187'),
('6', '1', '0', 'Jen', 'Doyley', 'Doyley', 'Transfer', '1012 Sugar Cane Court', '4300', '450', 'Pensacola', ' Michoacán', '8475629102837432', TO_DATE('09-2031' , 'MM-YYYY'), '612'),
('23', '0', '1', 'Etty', 'Secker', 'Secker', 'Paypal', '12991 Victor Court', '9607', '321', 'Dallas', ' Guerrero', '3847562918374333', TO_DATE('09-2034' , 'MM-YYYY'), '132'),
('32', '0', '1', 'Hart', 'Millen', 'Millen', 'Crédito', '14044 Countrywind Court', '6004', '351', 'San Francisco', ' Zacatecas', '5266851607436080', TO_DATE('09-2034' , 'MM-YYYY'), '905'),
('70', '1', '1', 'Noella', 'Antrag', 'Antrag', 'Crédito', '5971 Hallmark Path', '7854', '215', 'Flushing', ' Colima', '3847562918374333', TO_DATE('10-2027' , 'MM-YYYY'), '351'),
('93', '1', '0', 'Mario', 'Abrahamson', 'Abrahamson', 'Cheque', '12051 Diego Court', '7681', '299', 'Tampa', ' Zacatecas', '5506216844157974', TO_DATE('10-2027' , 'MM-YYYY'), '380'),
('27', '0', '1', 'Nancey', 'Huskisson', 'Huskisson', 'Transfer', '1108 Mead Place', '6841', '194', 'Birmingham', ' San Luis Potosí', '8475629102837331', TO_DATE('10-2031' , 'MM-YYYY'), '221'),
('29', '1', '0', 'Suzanne', 'Wiggett', 'Wiggett', 'Efectivo', '6604 Hammock Lane', '6679', '186', 'Washington', ' Durango', '5425274211454969', TO_DATE('10-2032' , 'MM-YYYY'), '774'),
('40', '1', '1', 'Jeremie', 'Darnbrook', 'Darnbrook', 'Cheque', '8961 Le Flore Lane', '6890', '63', 'Fort Lauderdale', ' Tlaxcala', '5357630242276071', TO_DATE('10-2032' , 'MM-YYYY'), '870'),
('89', '1', '1', 'Murdock', 'Greaves', 'Greaves', 'Paypal', '3151 Jarvis Court', '8569', '467', 'Minneapolis', ' Nuevo León', '5230226857069266', TO_DATE('10-2032' , 'MM-YYYY'), '947'),
('81', '1', '1', 'Randa', 'Hollow', 'Hollow', 'Paypal', '10515 Pickens Place', '2518', '254', 'Columbia', ' Tamaulipas', '5498661080553560', TO_DATE('11-2025' , 'MM-YYYY'), '312'),
('39', '1', '0', 'Shayna', 'Dunckley', 'Dunckley', 'Efectivo', '1379 Ramirez Avenue', '4754', '288', 'Columbia', ' Jalisco', '1928374567028745', TO_DATE('11-2027' , 'MM-YYYY'), '476'),
('75', '1', '0', 'Jozef', 'McLemon', 'McLemon', 'Efectivo', '10655 Brinkley Lane', '6334', '100', 'Oklahoma City', ' Sonora', '1928374651028777', TO_DATE('11-2030' , 'MM-YYYY'), '462'),
('20', '1', '0', 'Olympie', 'Hutsby', 'Hutsby', 'Efectivo', '6253 Reynolds Road', '416', '332', 'Wilmington', ' Guanajuato', '4116257745181130', TO_DATE('11-2031' , 'MM-YYYY'), '704'),
('33', '1', '0', 'Emelda', 'Daenen', 'Daenen', 'Paypal', '4692 Albion Way', '1626', '103', 'Cincinnati', ' Chihuahua', '5363023759410154', TO_DATE('11-2032' , 'MM-YYYY'), '433'),
('65', '1', '1', 'Baldwin', 'Alesi', 'Alesi', 'Paypal', '8675 Fair Oak Terrace', '4445', '121', 'Louisville', ' Veracruz', '5172657810460467', TO_DATE('11-2034' , 'MM-YYYY'), '670'),
('53', '1', '1', 'Chrissie', 'Pennycuick', 'Pennycuick', 'Crédito', '13660 Day Lily Run', '6210', '181', 'Youngstown', ' Guerrero', '4942769537024344', TO_DATE('12-2026' , 'MM-YYYY'), '612'),
('78', '1', '0', 'Merill', 'Eyden', 'Eyden', 'Paypal', '12203 Ellison Place', '455', '167', 'Fort Worth', ' Tlaxcala', '4467276463319263', TO_DATE('12-2026' , 'MM-YYYY'), '105'),
('58', '1', '0', 'Noby', 'Gilli', 'Gilli', 'Tarjeta', '6474 Chase Court', '9802', '184', 'Oklahoma City', ' Querétaro', '3746591028374661', TO_DATE('12-2029' , 'MM-YYYY'), '954'),
('66', '1', '1', 'Moselle', 'Englefield', 'Englefield', 'Transfer', '1581 Roleson Lane', '2016', '430', 'Newport News', ' Puebla', '5133220717339157', TO_DATE('12-2029' , 'MM-YYYY'), '802'),
('86', '0', '1', 'Franz', 'Edsell', 'Edsell', 'Tarjeta', '11509 Jungle Plum Way', '3935', '419', 'Pittsburgh', ' Durango', '1029384756102221', TO_DATE('12-2029' , 'MM-YYYY'), '464'),
('8', '1', '0', 'Margarete', 'Currm', 'Currm', 'Cheque', '2087 Albany Avenue', '2092', '361', 'Lexington', ' Chiapas', '3847562918374991', TO_DATE('12-2030' , 'MM-YYYY'), '559'),
('41', '1', '1', 'Denney', 'Haydock', 'Haydock', 'Crédito', '7822 De La Fuente Court', '8686', '144', 'San Antonio', ' Oaxaca', '8475629102837998', TO_DATE('12-2030' , 'MM-YYYY'), '177'),
('14', '1', '0', 'Nikki', 'Bentje', 'Bentje', 'Efectivo', '9926 Esparza Place', '5677', '9', 'Las Vegas', ' Veracruz', '1029384756102002',TO_DATE( '12-2031' , 'MM-YYYY'), '710'),
('25', '0', '1', 'Carolus', 'Huson', 'Huson', 'Crédito', '13432 Dovalina Road', '4144', '487', 'Charlotte', ' Chihuahua', '2837465910203881', TO_DATE('12-2033' , 'MM-YYYY'), '435'),
('62', '1', '0', 'Cloris', 'Suarez', 'Suarez', 'Cheque', '12830 Poole Terrace', '8904', '148', 'Phoenix', ' Sonora', '8374659102837994', TO_DATE('12-2034' , 'MM-YYYY'), '700'),
('101', '1', '1', 'Aitana', 'Martínez', 'Ríos', 'Crédito', '123 Calle Sol', '456', '12', 'Colinas del Sur', 'Querétaro', '4539981234567890', TO_DATE('06-2028', 'MM-YYYY'), '123'),
('102', '0', '1', 'Bruno', 'López', 'Gómez', 'Paypal', '456 Calle Luna', '789', '34', 'Las Flores', 'Veracruz', '6011123456789010', TO_DATE('09-2027', 'MM-YYYY'), '456'),
('103', '1', '0', 'Camila', 'Sánchez', 'Vega', 'Cheque', '789 Calle Estrella', '101', '56', 'Monte Real', 'Michoacán', '3700123456782345', TO_DATE('03-2029', 'MM-YYYY'), '789'),
('104', '1', '1', 'Diego', 'Hernández', 'Torres', 'Crédito', '321 Calle Norte', '202', '78', 'El Molino', 'Coahuila', '4485123456786543', TO_DATE('01-2031', 'MM-YYYY'), '321'),
('105', '0', '1', 'Elena', 'García', 'Mendoza', 'Paypal', '654 Calle Sur', '303', '90', 'La Joya', 'Guerrero', '4028123456788765', TO_DATE('11-2026', 'MM-YYYY'), '654'),
('106', '1', '0', 'Fernando', 'Ramírez', 'Pérez', 'Cheque', '987 Calle Este', '404', '21', 'Santa María', 'Jalisco', '5100123456784321', TO_DATE('08-2028', 'MM-YYYY'), '987'),
('107', '1', '1', 'Gabriela', 'Ortiz', 'Luna', 'Crédito', '213 Calle Oeste', '505', '43', 'Vista Hermosa', 'Puebla', '6011123456782109', TO_DATE('12-2030', 'MM-YYYY'), '741'),
('108', '0', '1', 'Héctor', 'Reyes', 'Moreno', 'Paypal', '132 Calle Niebla', '606', '65', 'Bosques', 'Sonora', '4539987654321098', TO_DATE('07-2029', 'MM-YYYY'), '852'),
('109', '1', '0', 'Isabela', 'Flores', 'Santos', 'Cheque', '564 Calle Brisa', '707', '87', 'Villa del Sol', 'Zacatecas', '3700111122223333', TO_DATE('05-2027', 'MM-YYYY'), '963'),
('110', '1', '1', 'Joaquín', 'Cruz', 'Navarro', 'Crédito', '789 Calle Arena', '808', '09', 'Lomas Verdes', 'Tabasco', '4485999988776655', TO_DATE('10-2028', 'MM-YYYY'), '147'),
('111', '1', '0', 'Karen', 'Mejía', 'Lozano', 'Crédito', '102 Calle Palma', '909', '10', 'San Ángel', 'Baja California', '4539980001234567', TO_DATE('03-2029', 'MM-YYYY'), '159'),
('112', '0', '1', 'Luis', 'Castañeda', 'Roldán', 'Paypal', '205 Calle Roble', '111', '11', 'La Loma', 'Chiapas', '6011123456787654', TO_DATE('09-2027', 'MM-YYYY'), '258'),
('113', '1', '1', 'Mariana', 'Campos', 'Esquivel', 'Cheque', '310 Calle Cedro', '212', '12', 'El Mirador', 'Durango', '3700123456798765', TO_DATE('06-2030', 'MM-YYYY'), '357'),
('114', '1', '0', 'Nicolás', 'Jiménez', 'Delgado', 'Crédito', '420 Calle Fresno', '313', '13', 'Real del Bosque', 'Guanajuato', '4485123499991234', TO_DATE('04-2028', 'MM-YYYY'), '456'),
('115', '0', '1', 'Olga', 'Maldonado', 'Arias', 'Paypal', '530 Calle Naranjo', '414', '14', 'Villas del Lago', 'Hidalgo', '4028999988887777', TO_DATE('01-2031', 'MM-YYYY'), '555'),
('116', '1', '1', 'Pablo', 'Estrada', 'Figueroa', 'Cheque', '640 Calle Mango', '515', '15', 'Brisas del Mar', 'Colima', '5100788999665544', TO_DATE('12-2029', 'MM-YYYY'), '654'),
('117', '1', '0', 'Querétaro', 'Sierra', 'Orozco', 'Crédito', '750 Calle Limón', '616', '16', 'Pueblo Nuevo', 'Nuevo León', '6011345678901234', TO_DATE('05-2027', 'MM-YYYY'), '753'),
('118', '0', '1', 'Renata', 'Rosales', 'Treviño', 'Paypal', '860 Calle Papaya', '717', '17', 'El Campanario', 'Tlaxcala', '4539876543210000', TO_DATE('07-2028', 'MM-YYYY'), '852'),
('119', '1', '1', 'Santiago', 'Benítez', 'Quintana', 'Cheque', '970 Calle Cerezo', '818', '18', 'El Palmar', 'Nayarit', '3700765432109876', TO_DATE('02-2030', 'MM-YYYY'), '951'),
('120', '1', '0', 'Tamara', 'Valle', 'Salas', 'Crédito', '1080 Calle Níspero', '919', '19', 'Las Águilas', 'Morelos', '4485112345678901', TO_DATE('08-2026', 'MM-YYYY'), '147');

-- -- fabricate-flush

INSERT INTO asistir (idBazar, idCliente) VALUES
('80', '98'),
('80', '90'),
('80', '92'),
('80', '82'),
('80', '36'),
('80', '37'),
('80', '22'),
('80', '19'),
('80', '12'),
('80', '62'),
('80', '89'),
('80', '69'),
('80', '50'),
('80', '87'),
('80', '56'),
('80', '65'),
('80', '32'),
('80', '76'),
('80', '9'),
('80', '10'),
('80', '52'),
('80', '25'),
('80', '57'),
('80', '77'),
('80', '51'),
('80', '17'),
('80', '68'),
('80', '11'),
('80', '13'),
('80', '43'),
('90', '5'),
('90', '46'),
('90', '8'),
('90', '15'),
('90', '53'),
('90', '67'),
('90', '26'),
('90', '79'),
('90', '21'),
('90', '70'),
('90', '58'),
('90', '3'),
('90', '16'),
('90', '88'),
('90', '41'),
('90', '33'),
('90', '30'),
('90', '23'),
('90', '71'),
('90', '64'),
('90', '40'),
('90', '48'),
('90', '84'),
('90', '97'),
('90', '24'),
('90', '63'),
('90', '99'),
('90', '55'),
('90', '83'),
('90', '4'),
('91', '31'),
('91', '75'),
('91', '73'),
('91', '49'),
('91', '61'),
('91', '7'),
('92', '46'),
('92', '2'),
('92', '98'),
('92', '91'),
('92', '85'),
('92', '60'),
('92', '72'),
('92', '28'),
('92', '38'),
('92', '5'),
('92', '20'),
('92', '59'),
('92', '93'),
('92', '14'),
('92', '47'),
('92', '29'),
('92', '27'),
('92', '78'),
('92', '66'),
('92', '6'),
('92', '44'),
('92', '96'),
('92', '54'),
('92', '95'),
('92', '42'),
('92', '18'),
('92', '39'),
('92', '81'),
('93', '86'),
('93', '94'),
('93', '34'),
('93', '45'),
('82', '27'),
('82', '100'),
('82', '35'),
('82', '74'),
('82', '1'),
('82', '36'),
('82', '9'),
('82', '26'),
('82', '22'),
('82', '19'),
('82', '12'),
('82', '62'),
('82', '89'),
('82', '69'),
('82', '50'),
('82', '87'),
('82', '56'),
('82', '65'),
('82', '32'),
('82', '76'),
('82', '9'),
('82', '10'),
('82', '52'),
('82', '25'),
('82', '57'),
('82', '77'),
('82', '51'),
('82', '17'),
('82', '68'),
('82', '11'),
('82', '13'),
('82', '43'),
('82', '46'),
('82', '8'),
('82', '15'),
('82', '53'),
('82', '67'),
('82', '26'),
('82', '79'),
('82', '21'),
('82', '70'),
('82', '58'),
('82', '3'),
('82', '16'),
('82', '88'),
('82', '41'),
('82', '33'),
('82', '30'),
('82', '23'),
('82', '71'),
('82', '64'),
('82', '40'),
('82', '48'),
('82', '84'),
('82', '97'),
('82', '24'),
('82', '63'),
('82', '99'),
('82', '55'),
('82', '83'),
('36', '9'),
('36', '4'),
('36', '31'),
('36', '75'),
('36', '73'),
('36', '49'),
('36', '61'),
('36', '7'),
('36', '2'),
('36', '98'),
('36', '91'),
('36', '85'),
('36', '60'),
('36', '72'),
('36', '28'),
('36', '38'),
('36', '5'),
('36', '20'),
('36', '59'),
('36', '93'),
('36', '14'),
('36', '47'),
('36', '29'),
('36', '27'),
('36', '78'),
('36', '66'),
('36', '6'),
('36', '44'),
('36', '96'),
('36', '54'),
('36', '95'),
('36', '42'),
('36', '18'),
('36', '39'),
('36', '81'),
('37', '86'),
('37', '26'),
('37', '94'),
('37', '34'),
('37', '45'),
('22', '27'),
('22', '100'),
('22', '35'),
('22', '74'),
('22', '1'),
('22', '36'),
('22', '9'),
('22', '26'),
('22', '85'),
('19', '45'),
('19', '74'),
('19', '1'),
('19', '36'),
('19', '9'),
('19', '26'),
('19', '22'),
('19', '19'),
('19', '12'),
('19', '62'),
('19', '89'),
('19', '69'),
('19', '50'),
('19', '87'),
('19', '56'),
('19', '65'),
('19', '32'),
('19', '76'),
('19', '9'),
('19', '10'),
('19', '52'),
('19', '25'),
('19', '57'),
('19', '77'),
('19', '51'),
('19', '17'),
('19', '68'),
('19', '11'),
('19', '13'),
('12', '43'),
('12', '46'),
('12', '8'),
('12', '15'),
('12', '53'),
('12', '67'),
('12', '26'),
('12', '79'),
('12', '21'),
('12', '70'),
('12', '58'),
('12', '3'),
('12', '16'),
('12', '88'),
('12', '41'),
('12', '33'),
('12', '30'),
('12', '23'),
('12', '71'),
('12', '64'),
('12', '40'),
('12', '48'),
('12', '72'),
('62', '56'),
('62', '84'),
('62', '97'),
('62', '24'),
('62', '63'),
('62', '99'),
('62', '55'),
('62', '83'),
('89', '4'),
('89', '31'),
('89', '75'),
('89', '73'),
('89', '49'),
('89', '61'),
('89', '7'),
('89', '2'),
('89', '98'),
('89', '91'),
('89', '85'),
('89', '60'),
('89', '72'),
('89', '28'),
('89', '38'),
('89', '5'),
('89', '20'),
('89', '59'),
('89', '93'),
('89', '14'),
('89', '47'),
('89', '29'),
('89', '27'),
('89', '78'),
('89', '66'),
('89', '6'),
('89', '44'),
('89', '96'),
('89', '54'),
('89', '95'),
('89', '42'),
('89', '18'),
('89', '39'),
('89', '81'),
('89', '64'),
('69', '16'),
('69', '88'),
('69', '41'),
('69', '33'),
('69', '30'),
('69', '23'),
('69', '71'),
('69', '64'),
('69', '40'),
('69', '48'),
('69', '84'),
('69', '97'),
('69', '24'),
('69', '63'),
('69', '99'),
('69', '55'),
('50', '83'),
('50', '4'),
('50', '31'),
('50', '75'),
('50', '73'),
('50', '49'),
('50', '61'),
('50', '7'),
('50', '2'),
('50', '98'),
('50', '91'),
('50', '17'),
('50', '85'),
('50', '60'),
('50', '72'),
('50', '28'),
('50', '38'),
('50', '5'),
('50', '20'),
('50', '59'),
('50', '93'),
('50', '14'),
('50', '47'),
('50', '29'),
('50', '27'),
('50', '78'),
('50', '66'),
('50', '6'),
('50', '44'),
('50', '96'),
('50', '54'),
('50', '95'),
('50', '42'),
('50', '18'),
('50', '39'),
('50', '81'),
('87', '1'),
('87', '86'),
('87', '94'),
('87', '34'),
('87', '45'),
('56', '27'),
('56', '100'),
('56', '35'),
('56', '74'),
('56', '1'),
('56', '36'),
('56', '9'),
('56', '26'),
('56', '22'),
('56', '19'),
('56', '12'),
('56', '62'),
('56', '89'),
('56', '69'),
('56', '50'),
('56', '87'),
('56', '100'),
('65', '33'),
('32', '47'),
('32', '29'),
('32', '27'),
('32', '78'),
('32', '66'),
('32', '6'),
('32', '44'),
('32', '96'),
('32', '54'),
('32', '95'),
('32', '42'),
('76', '18'),
('76', '39'),
('76', '81'),
('76', '86'),
('76', '94'),
('76', '34'),
('76', '45'),
('76', '99'),
('9', '31'),
('9', '75'),
('9', '73'),
('9', '49'),
('9', '61'),
('9', '7'),
('9', '2'),
('9', '98'),
('9', '91'),
('9', '85'),
('9', '60'),
('9', '72'),
('9', '28'),
('9', '38'),
('9', '5'),
('9', '20'),
('9', '59'),
('9', '93'),
('9', '14'),
('9', '47'),
('9', '29'),
('9', '27'),
('9', '78'),
('9', '66'),
('9', '6'),
('10', '44'),
('10', '96'),
('10', '54'),
('10', '18'),
('10', '39'),
('10', '81'),
('10', '86'),
('10', '94'),
('10', '34'),
('10', '45'),
('52', '100'),
('52', '35'),
('52', '74'),
('52', '1'),
('52', '36'),
('52', '9'),
('52', '26'),
('52', '22'),
('52', '19'),
('52', '12'),
('52', '62'),
('52', '89'),
('52', '69'),
('52', '53'),
('25', '50'),
('57', '55'),
('77', '90'),
('51', '71'),
('17', '80'),
('68', '90'),
('11', '92'),
('13', '82'),
('43', '36'),
('46', '37'),
('8', '22'),
('15', '19'),
('53', '12'),
('67', '62'),
('26', '89'),
('79', '69'),
('21', '50'),
('70', '87'),
('58', '56'),
('3', '65'),
('16', '32'),
('88', '76'),
('41', '9'),
('33', '10'),
('30', '52'),
('23', '25'),
('71', '57'),
('64', '77'),
('40', '51'),
('48',  '17'),
('17', '14'),
('84', '68'),
('97', '11'),
('24', '13'),
('63', '43'),
('99', '46'),
('55', '8'),
('83', '15'),
('4', '53'),
('31', '67'),
('75', '26'),
('73', '79'),
('49', '21'),
('61', '70'),
('7', '58'),
('2', '3'),
('98', '16'),
('91', '88'),
('85', '41'),
('60', '33'),
('72', '30'),
('28', '23'),
('38', '71'),
('5', '64'),
('20', '40'),
('59', '48'),
('93', '84'),
('14', '97'),
('47', '24'),
('29', '63'),
('27', '99'),
('78', '55'),
('68', '92'),
('11', '88'),
('13', '28'),
('43', '69'),
('46', '20'),
('8', '21'),
('15', '78'),
('53', '51'),
('67', '32'),
('26', '34'),
('79', '36'),
('21', '42'),
('70', '44'),
('58', '84'),
('3', '12'),
('16', '94'),
('88', '91'),
('41', '10'),
('33', '57'),
('30', '54'),
('23', '15'),
('71', '6'),
('64', '40'),
('40', '8'),
('48', '58'),
('84', '89'),
('97', '82'),
('24', '24'),
('63', '48'),
('99', '97'),
('55', '68'),
('83', '19'),
('4', '59'),
('31', '80'),
('75', '29'),
('73', '22'),
('49', '74'),
('61', '7'),
('7', '87'),
('2', '41'),
('98', '96'),
('91', '43'),
('85', '52'),
('60', '63'),
('72', '95'),
('28', '65'),
('38', '30'),
('5', '61'),
('20', '76'),
('59', '70'),
('93', '4'),
('14', '67'),
('47', '3'),
('29', '23'),
('27', '73'),
('78', '66'),
('66', '38'),
('6', '62'),
('44', '49'),
('96', '2'),
('54', '83'),
('95', '11'),
('42', '60'),
('18', '75'),
('39', '77'),
('81', '13'),
('86', '93'),
('94', '86'),
('34', '39'),
('34', '81'),
('45', '86'),
('45', '94'),
('45', '34'),
('45', '39'),
('99', '93'),
('99', '86'),
('99', '94'),
('99', '34'),
('99', '39'),
('55', '81'),
('55', '86'),
('55', '94'),
('55', '34'),
('55', '39'),
('83', '81'),
('83', '86'),
('83', '94'),
('83', '34'),
('83', '39'),
('4', '81'),
('4', '86'),
('4', '94'),
('4', '34'),
('4', '39'),
('31', '81'),
('31', '86'),
('31', '94'),
('31', '34'),
('31', '39'),
('75', '81'),
('75', '86'),
('75', '94'),
('75', '34'),
('75', '39'),
('73', '81'),
('73', '86'),
('73', '94'),
('73', '34'),
('73', '39'),
('49', '81'),
('49', '86'),
('49', '94'),
('49', '34'),
('49', '39'),
('61', '81'),
('61', '86'),
('61', '94'),
('61', '34'),
('61', '39'),
('7', '81'),
('7', '86'),
('7', '94'),
('7', '34'),
('7', '39'),
('2', '81'),
('2', '86'),
('2', '94'),
('2', '34'),
('2', '39'),
('98', '81'),
('98', '86'),
('98', '94'),
('98', '34'),
('98', '39'),
('91', '81'),
('91', '86'),
('91', '94'),
('91', '34'),
('91', '39'),
('85', '81'),
('85', '86'),
('85', '94'),
('85', '34'),
('85', '39'),
('60', '81'),
('60', '86'),
('60', '94'),
('60', '34'),
('60', '39'),
('72', '81'),
('72', '86'),
('72', '94'),
('72', '34'),
('72', '39'),
('28', '81'),
('28', '86'),
('28', '94'),
('28', '34'),
('28', '39'),
('38', '81'),
('38', '86'),
('38', '94'),
('38', '34'),
('38', '39'),
('5', '81'),
('5', '86'),
('5', '94'),
('5', '34'),
('5', '39'),
('20', '81'),
('20', '86'),
('20', '94'),
('20', '34'),
('20', '39'),
('59', '81'),
('59', '86'),
('59', '94'),
('59', '34'),
('59', '39'),
('93', '81'),
('93', '86'),
('93', '94'),
('93', '34'),
('93', '39'),
('14', '81'),
('14', '86'),
('14', '94'),
('14', '34'),
('14', '39'),
('47', '81'),
('47', '86'),
('47', '94'),
('47', '34'),
('47', '39'),
('29', '81'),
('29', '86'),
('29', '94'),
('29', '34'),
('29', '39'),
('27', '81'),
('27', '86'),
('27', '94'),
('27', '34'),
('27', '39'),
('78', '81'),
('78', '86'),
('78', '94'),
('78', '34'),
('78', '39'),
('66', '81'),
('66', '86'),
('66', '94'),
('66', '34'),
('66', '39'),
('6', '81'),
('6', '86'),
('6', '94'),
('6', '34'),
('6', '39'),
('44', '81'),
('44', '86'),
('44', '94'),
('44', '34'),
('44', '39'),
('96', '81'),
('96', '86'),
('96', '94'),
('96', '34'),
('96', '39'),
('54', '81'),
('54', '86'),
('54', '94'),
('54', '34'),
('54', '39'),
('95', '81'),
('95', '86'),
('95', '94'),
('95', '34'),
('95', '39'),
('42', '81'),
('42', '86'),
('42', '94'),
('42', '34'),
('42', '39'),
('18', '81'),
('18', '86'),
('18', '94'),
('18', '34'),
('18', '39'),
('39', '81'),
('39', '86'),
('39', '94'),
('39', '34'),
('39', '39'),
('81', '81'),
('81', '86'),
('81', '94'),
('81', '34'),
('81', '39'),
('86', '81'),
('86', '86'),
('86', '94'),
('86', '34'),
('86', '39'),
('94', '81'),
('94', '86'),
('94', '94'),
('94', '34'),
('94', '39'),
('34', '81'),
('34', '86'),
('34', '94'),
('34', '34'),
('34', '39'),
('39', '81'),
('39', '86'),
('39', '94'),
('39', '34'),
('39', '39'),
('99', '81'),
('99', '86'),
('99', '94'),
('99', '34'),
('99', '39'),
('55', '81'),
('55', '86'),
('55', '94'),
('55', '34'),
('55', '39'),
('83', '81'),
('83', '86'),
('83', '94'),
('83', '34'),
('83', '39'),
('45', '37'),
('100', '81'),
('35', '35'),
('74', '79'),
('1', '25'),
('1', '27'),
('1', '100'),
('1', '35'),
('1', '74'),
('1', '36'),
('1', '9'),
('1', '26'),
('1', '22'),
('1', '19'),
('1', '12'),
('1', '62'),
('1', '89'),
('1', '69'),
('1', '50'),
('1', '87'),
('1', '56'),
('1', '65'),
('1', '32'),
('1', '76'),
('1', '9'),
('1', '10'),
('1', '52'),
('1', '25'),
('1', '57'),
('1', '77'),
('1', '51'),
('1', '17');



-- fabricate-flush


INSERT INTO negocio (nombreNegocio, precioMasBajo, precioMasAlto, descripcion) VALUES
('Buffalo Stilton Cheese', '8.99', '8.99', 'Spicy blue cheese with a hint of buffalo flavor.'),
('Baby Monitor', '79.99', '79.99', 'Video baby monitor with night vision.'),
('Caramelized Onion Dip Mix', '2.29', '2.29', 'A mix to create a delicious onion dip for parties or snacking.'),
('Collapsible Folding Chair', '29.99', '29.99', 'Lightweight and portable chair for camping or events.'),
('Watercolor Brush Pens', '19.99', '19.99', 'Set of brush pens for colorful and creative painting.'),
('Electric Kettle with Temperature Control', '49.99', '49.99', 'Electric kettle that offers precise temperature settings.'),
('Almond Flour Pancake Mix', '5.99', '5.99', 'Gluten-free pancake mix made with almond flour.'),
('Classic Pumps', '64.99', '64.99', 'Elegant classic pumps that add sophistication to any outfit.'),
('Portable Phone Mug Holder', '14.99', '14.99', 'Convenient holder for drinks and phones while driving.'),
('Decorative Throw Blanket', '39.99', '39.99', 'Soft throw blanket for cozy home decor.'),
('Rustic Italian Bread', '3.59', '3.59', 'Freshly baked rustic bread, perfect for sandwiches or dipping in olive oil.'),
('Buffalo Chicken Wraps', '5.99', '5.99', 'Savory wraps with buffalo chicken and fresh vegetables.'),
('Non-Stick Crepe Pan', '29.99', '29.99', 'Perfectly designed pan for making crepes and pancakes.'),
('Fitbit Activity Tracker', '99.99', '99.99', 'Advanced wristband that tracks daily activities and sleep.'),
('Comfortable Jogger Pants', '29.99', '29.99', 'Relaxed fit joggers made from soft fleece, ideal for lounging or workouts.'),
('Active Racerback Tank', '24.99', '24.99', 'Lightweight and moisture-wicking racerback tank for workouts.'),
('Roasted Sweet Corn', '1.99', '1.99', 'Sweet corn roasted to perfection for a delightful side.'),
('Sliced Cucumbers', '1.29', '1.29', 'Freshly sliced cucumbers, great for salads or snacking.'),
('Gardening Tools Set', '45', '45', 'Complete set of gardening tools for outdoor tasks.'),
('Vanilla Ice Cream', '4.99', '4.99', 'Creamy and rich vanilla ice cream, a classic dessert.'),
('Corn Tortillas', '2.49', '2.49', 'Soft and warm corn tortillas, perfect for tacos and burritos.'),
('Granulated Sugar', '2.49', '2.49', 'Fine granulated sugar for all your baking needs.'),
('Mediterranean Olives', '6.49', '6.49', 'A mix of brined Mediterranean olives for snacking.'),
('Cranberry Pecan Granola', '3.99', '3.99', 'Crunchy granola with cranberries and pecans.'),
('Fall-Themed Table Runner', '19.99', '19.99', 'Decorative table runner perfect for autumn gatherings.'),
('Kids'' Trampoline', '139.99', '139.99', 'Safe and fun trampoline for children.'),
('Vegetable Korma', '6.49', '6.49', 'Creamy vegetable curry enriched with spices.'),
('Instant Mashed Potatoes', '1.79', '1.79', 'Quick and easy side dish with buttery flavor.'),
('Guitar Tuner', '19.99', '19.99', 'Clip-on guitar tuner with LCD display.'),
('Pasta (Fusilli)', '1.79', '1.79', 'Twisted pasta perfect for salads and pasta dishes.'),
('Workstation Laptop Stand', '49.99', '49.99', 'Adjustable stand to improve ergonomics while working on a laptop.'),
('Multi-Purpose Plant Care Tool', '24.99', '24.99', 'All-in-one tool for measuring soil moisture, light, and pH.'),
('Lemon Herb Chicken', '7.49', '7.49', 'Marinated chicken grilled with lemon and herbs.'),
('Stainless Steel Water Pitcher', '39.99', '39.99', 'Insulated pitcher to keep beverages cold or hot.'),
('Wireless Security Camera', '109.99', '109.99', '1080p wireless security camera with night vision.'),
('Folding Pocket Knife', '24.99', '24.99', 'Compact knife with safety lock for everyday use.'),
('Grilled Veggie Burgers', '6.29', '6.29', 'Delicious veggie burgers loaded with grilled vegetables.'),
('Pasta Sauce Mix', '1.29', '1.29', 'Just add water for a quick pasta sauce.'),
('Lightweight Travel Backpack', '39.99', '39.99', 'Compact and portable backpack for day trips and travel.'),
('Chickpeas', '1.29', '1.29', 'Canned chickpeas, perfect for hummus or salads.'),
('Travel Jewelry Organizer', '19.99', '19.99', 'Compact storage for your jewelry while traveling.'),
('Handheld Vacuum', '79.99', '79.99', 'Cordless handheld vacuum for quick cleanups.'),
('Leek and Potato Soup', '3.29', '3.29', 'Savory soup made with leeks and potatoes.'),
('BBQ Sauce', '3.49', '3.49', 'A smoky barbecue sauce, ideal for grilling and dipping.'),
('LED Flashlight with Rechargeable Batteries', '19.99', '19.99', 'Bright flashlight with rechargeable batteries included.'),
('Organic Tomato Ketchup', '3.49', '3.49', 'Classic ketchup made from organic tomatoes, no added sugar.'),
('Board Game Storage', '19.99', '19.99', 'Organize your board games with this storage bin.'),
('Fresh Cilantro', '1.49', '1.49', 'Bright and fragrant cilantro, great for garnishes.'),
('Spicy Chicken Wings', '9.99', '9.99', 'Wide range of flavored wings, perfect for parties or casual snacking.'),
('Two-Tier Fruit Basket', '29.99', '29.99', 'Stylish fruit basket for kitchen or dining room.'),
('Frozen Cauliflower Rice', '2.99', '2.99', 'Convenient and low-carb alternative to traditional rice.'),
('Ice Cube Tray with Lid', '10.99', '10.99', 'Silicone tray for making ice cubes with a lid to prevent spills.'),
('Camping Lantern', '34.99', '34.99', 'Rechargeable LED camping lantern for outdoor use.'),
('Sliced Bell Peppers', '3.99', '3.99', 'Fresh sliced bell peppers for salads or stir-fries.'),
('Vegetable Fried Rice', '4.99', '4.99', 'Quick and easy fried rice mixed with vegetables and soy sauce.'),
('Dog Training Collar', '39.99', '39.99', 'Rechargeable training collar for effective behavior training.'),
('Honey Sesame Chicken Mix', '8.99', '8.99', 'A meal kit featuring tender chicken with honey sesame sauce.'),
('Gluten-Free Biscuits', '3.79', '3.79', 'Fluffy biscuits made without gluten'),
('Flavored Instant Oatmeal', '2.99', '2.99', 'Quick oatmeal with various flavors'),
('Almond Flour Bread Mix', '4.89', '4.89', 'Gluten-free bread mix made with almond flour.'),
('Wild Rice Pilaf', '3.79', '3.79', 'A mix of wild rice with herbs and spices, ready to serve.'),
('Garlic Butter Sauce', '3.59', '3.59', 'A rich sauce perfect for pasta or drizzling over vegetables.'),
('Pepperoni Pizza Roll-Ups', '5.99', '5.99', 'Savory pizza filled with pepperoni and cheese, ready to microwave.'),
('Rechargeable Laptop Battery Pack', '49.99', '49.99', 'Portable battery pack to charge laptops while on the move.'),
('Smartphone Gimbal', '89.99', '89.99', 'Stabilizing gimbal for smooth video recording.'),
('Quinoa and Kale Salad Kit', '5.29', '5.29', 'Ready-to-eat salad with quinoa and kale, drizzled with vinaigrette.'),
('Organic Cereal Bars', '4.29', '4.29', 'Healthy snack bars packed with oats and fruit.'),
('Vegetable Pizza Rolls', '6.49', '6.49', 'Frozen pizza rolls filled with vegetables and cheese, perfect for snacks.'),
('Mini Cordless Vacuum Cleaner', '45.99', '45.99', 'Handheld vacuum cleaner for quick and easy cleaning.'),
('Portable Folding Picnic Table', '69.99', '69.99', 'Easy-to-set-up picnic table for outdoor dining.'),
('Basic V-Neck T-Shirt', '19.99', '19.99', 'A staple v-neck t-shirt that pairs well with anything.'),
('Waffle Maker', '39.99', '39.99', 'Make delicious waffles with this user-friendly device.'),
('Infrared Space Heater', '99.99', '99.99', 'Energy-efficient infrared heater for home use.'),
('Chic Ankle Strap Heels', '69.99', '69.99', 'Stylish ankle strap heels for a classy look at any event.'),
('Sliced Olives', '1.99', '1.99', 'Pitted black olives, perfect for salads and pizzas.'),
('Sweet BBQ Dipping Sauce', '3.49', '3.49', 'Perfectly balanced sweet and tangy BBQ sauce for dipping or grilling.'),
('Over-the-Door Shoe Organizer', '22.99', '22.99', 'Space-saving solution to store shoes and keep them organized.'),
('Streaming Device', '49.99', '49.99', 'HD streaming device for accessing popular services.'),
('Portable Solar Charger', '29.99', '29.99', 'Solar-powered charger for smartphones and tablets.'),
('Teriyaki Chicken Stir-Fry', '6.99', '6.99', 'Frozen stir-fry mix with chicken, veggies, and teriyaki sauce.'),
('Pet Food Storage Container', '24.99', '24.99', 'Airtight container to keep pet food fresh.'),
('Foldable Picnic Table', '49.99', '49.99', 'Lightweight and portable picnic table for outdoor use.'),
('Wildflower Honey', '4.99', '4.99', 'Natural honey sourced from wildflowers.'),
('Digital Meat Thermometer', '24.99', '24.99', 'Instant-read thermometer for precise cooking temperatures.'),
('Patterned Knit Scarf', '25.99', '25.99', 'Add a pop of color with this stylish patterned knit scarf.'),
('Coconut Granola', '4.19', '4.19', 'Crunchy granola mixed with coconut flakes.'),
('Rice Noodles', '3.49', '3.49', 'Thin rice noodles, ideal for stir-fries and soups.'),
('Digital Photo Frame', '79.99', '79.99', 'Wi-Fi-enabled digital frame for displaying photos.'),
('Honey mustard chicken tenders', '7.99', '7.99', 'Golden crispy chicken tenders coated with honey mustard flavor.'),
('Spicy Thai Noodles', '1.99', '1.99', 'Instant noodles with a spicy Thai sauce for quick meals.'),
('Handmade Leather Wallet', '49.99', '49.99', 'High-quality leather wallet with multiple compartments.'),
('Silicone Baking Cups', '10.99', '10.99', 'Set of reusable baking cups for muffins and cupcakes.'),
('Wooden Toy Train Set', '29.99', '29.99', 'Classic wooden train set for imaginative play.'),
('Buffalo Cauliflower Wings', '6.99', '6.99', 'Crispy cauliflower bites tossed in spicy buffalo sauce.'),
('Ceramic Bakeware Set', '49.99', '49.99', 'Durable ceramic bakeware for casseroles and desserts.'),
('Pet Training Pads', '24.99', '24.99', 'Absorbent training pads for puppies and kittens.'),
('Hand Mixer', '29.99', '29.99', 'Compact hand mixer for easy baking.'),
('Watercolor Paint Set', '19.99', '19.99', 'Vibrant watercolor paints that come with brushes and palettes.'),
('Buttermilk Pancakes', '3.99', '3.99', 'Fluffy pancakes with buttermilk flavor.'),
('Laundry Detergent', '12.99', '12.99', 'Effective laundry detergent for a deep clean.');


-- fabricate-flush

INSERT INTO telefonoNegocio (nombreNegocio, telefono) VALUES
('Active Racerback Tank', '1384639633'),
('Laundry Detergent', '1374705666'),
('Non-Stick Crepe Pan', '1490638217'),
('BBQ Sauce', '1964277053'),
('Sweet BBQ Dipping Sauce', '9415937487'),
('Laundry Detergent', '1419526994'),
('Wireless Security Camera', '9513266676'),
('Comfortable Jogger Pants', '7001522288'),
('Digital Meat Thermometer', '4424734528'),
('Organic Cereal Bars', '4919702868'),
('Gardening Tools Set', '5255807371'),
('Basic V-Neck T-Shirt', '4018968657'),
('Electric Kettle with Temperature Control', '1643042042'),
('Gluten-Free Biscuits', '6097219906'),
('Guitar Tuner', '1485585727'),
('Fitbit Activity Tracker', '2067433505'),
('Watercolor Paint Set', '6650322900'),
('Silicone Baking Cups', '7871742951'),
('Grilled Veggie Burgers', '9234308552'),
('Collapsible Folding Chair', '1115941716'),
('Travel Jewelry Organizer', '9711342388'),
('Quinoa and Kale Salad Kit', '2883825453'),
('Almond Flour Bread Mix', '7112721530'),
('Foldable Picnic Table', '9037607039'),
('Corn Tortillas', '8475765199'), 
('Folding Pocket Knife', '3769134143'),
('Rechargeable Laptop Battery Pack', '6115408450'),
('Digital Photo Frame', '6607866230'),
('Sliced Cucumbers', '8172579431'),
('Mediterranean Olives', '4747970696'),
('Waffle Maker', '2272010621'),
('Handheld Vacuum', '9801238489'),
('Almond Flour Pancake Mix', '2426811559'),
('Classic Pumps', '3637738125'),
('Spicy Thai Noodles', '1704740605'),
('Over-the-Door Shoe Organizer', '1929293192'),
('Multi-Purpose Plant Care Tool', '4851033020'),
('Portable Phone Mug Holder', '8511840916'),
('Rice Noodles', '1149483795'),
('Frozen Cauliflower Rice', '9045098966'),
('Granulated Sugar', '1560171465'),
('Ceramic Bakeware Set', '4720463028'),
('Wild Rice Pilaf', '8867573989'),
('Instant Mashed Potatoes', '3945552135'),
('Kids'' Trampoline', '9440283523'),
('Caramelized Onion Dip Mix', '8483872028'),
('Pet Food Storage Container', '3160430268'),
('Portable Solar Charger', '8903863810'),
('Infrared Space Heater', '2764852506'),
('Board Game Storage', '5921725312'),
('LED Flashlight with Rechargeable Batteries', '1444932337'),
('Pepperoni Pizza Roll-Ups', '9285463288'),
('Two-Tier Fruit Basket', '1533272429'),
('Garlic Butter Sauce', '4346646550'),
('Teriyaki Chicken Stir-Fry', '2702798606'),
('Streaming Device', '2156074737'),
('Spicy Chicken Wings', '6044266060'),
('Portable Folding Picnic Table', '4315512120'),
('Leek and Potato Soup', '5588245183'),
('Ice Cube Tray with Lid', '5328663791'),
('Sliced Bell Peppers', '7322901232'),
('Patterned Knit Scarf', '5274616537'),
('Rustic Italian Bread', '6055251790'),
('Coconut Granola', '4386989641'),
('Vegetable Pizza Rolls', '7792269533'),
('Baby Monitor', '6297806445'),
('Pasta (Fusilli)', '1517523668'),
('Cranberry Pecan Granola', '4243497720'),
('Lemon Herb Chicken', '1298546470'),
('Chic Ankle Strap Heels', '2099884722'),
('Honey mustard chicken tenders', '9959298202'),
('Decorative Throw Blanket', '8179454632'),
('Flavored Instant Oatmeal', '5747342718'),
('Vegetable Korma', '8070814586'),
('Hand Mixer', '8188331932'),
('Roasted Sweet Corn', '6059284612'),
('Wooden Toy Train Set', '5478029327'),
('Buffalo Chicken Wraps', '9653567105'),
('Buffalo Stilton Cheese', '8071448921'),
('Workstation Laptop Stand', '2410554958'),
('Pet Training Pads', '7071605510'),
('Buffalo Cauliflower Wings', '7236559057'),
('Fresh Cilantro', '1444193056'),
('Honey Sesame Chicken Mix', '4477921660'),
('Chickpeas', '4420493975'),
('Buttermilk Pancakes', '2044527967'),
('Vegetable Fried Rice', '9401532706'),
('Lightweight Travel Backpack', '9405318596'),
('Watercolor Brush Pens', '4238149235'),
('Handmade Leather Wallet', '1221654804'),
('Camping Lantern', '8895086227'),
('Sliced Olives', '5913375956'),
('Wildflower Honey', '7867291076'),
('Smartphone Gimbal', '1895174575'),
('Organic Tomato Ketchup', '8651072972'),
('Mini Cordless Vacuum Cleaner', '7782308866'),
('Vanilla Ice Cream', '8115358074'),
('Pasta Sauce Mix', '4406293635'),
('Fall-Themed Table Runner', '9911093107'),
('Dog Training Collar', '9031516281');


-- fabricate-flush


INSERT INTO estand (numeroEstand, nombreNegocio, esEmprendedor, esPremium, esBasico) VALUES
('99', 'Vanilla Ice Cream', '0', '1', '0'),
('98', 'BBQ Sauce', '0', '1', '0'),
('93', 'Pepperoni Pizza Roll-Ups', '0', '1', '0'),
('86', 'LED Flashlight with Rechargeable Batteries', '0', '1', '0'),
('84', 'Foldable Picnic Table', '0', '1', '0'),
('82', 'Buttermilk Pancakes', '0', '1', '0'),
('70', 'Buffalo Chicken Wraps', '0', '1', '0'),
('66', 'Digital Meat Thermometer', '0', '1', '0'),
('56', 'Multi-Purpose Plant Care Tool', '0', '1', '0'),
('54', 'Gluten-Free Biscuits', '0', '1', '0'),
('46', 'Wild Rice Pilaf', '0', '1', '0'),
('42', 'Workstation Laptop Stand', '0', '1', '0'),
('41', 'Watercolor Brush Pens', '0', '1', '0'),
('34', 'Camping Lantern', '0', '1', '0'),
('33', 'Buffalo Stilton Cheese', '0', '1', '0'),
('27', 'Wireless Security Camera', '0', '1', '0'),
('25', 'Comfortable Jogger Pants', '0', '1', '0'),
('22', 'Active Racerback Tank', '0', '1', '0'),
('17', 'Pet Training Pads', '0', '1', '0'),
('14', 'Classic Pumps', '0', '1', '0'),
('12', 'Ice Cube Tray with Lid', '0', '1', '0'),
('100', 'Fall-Themed Table Runner', '0', '0', '1'),
('97', 'Buffalo Cauliflower Wings', '1', '0', '0'),
('96', 'Basic V-Neck T-Shirt', '1', '0', '0'),
('95', 'Kids'' Trampoline', '1', '0', '0'),
('94', 'Lemon Herb Chicken', '1', '0', '0'),
('92', 'Rechargeable Laptop Battery Pack', '0', '0', '1'),
('91', 'Chic Ankle Strap Heels', '0', '0', '1'),
('90', 'Almond Flour Bread Mix', '0', '0', '1'),
('89', 'Chickpeas', '1', '0', '0'),
('88', 'Silicone Baking Cups', '1', '0', '0'),
('87', 'Honey Sesame Chicken Mix', '1', '0', '0'),
('85', 'Coconut Granola', '1', '0', '0'),
('83', 'Portable Phone Mug Holder', '1', '0', '0'),
('81', 'Fresh Cilantro', '1', '0', '0'),
('80', 'Pet Food Storage Container', '1', '0', '0'),
('79', 'Leek and Potato Soup', '1', '0', '0'),
('78', 'Sliced Bell Peppers', '1', '0', '0'),
('77', 'Collapsible Folding Chair', '1', '0', '0'),
('76', 'Vegetable Pizza Rolls', '1', '0', '0'),
('75', 'Digital Photo Frame', '0', '0', '1'),
('74', 'Lightweight Travel Backpack', '1', '0', '0'),
('73', 'Guitar Tuner', '0', '0', '1'),
('72', 'Waffle Maker', '0', '0', '1'),
('71', 'Electric Kettle with Temperature Control', '1', '0', '0'),
('69', 'Hand Mixer', '1', '0', '0'),
('68', 'Pasta Sauce Mix', '1', '0', '0'),
('67', 'Baby Monitor', '1', '0', '0'),
('65', 'Wooden Toy Train Set', '0', '0', '1'),
('64', 'Quinoa and Kale Salad Kit', '1', '0', '0'),
('63', 'Organic Tomato Ketchup', '1', '0', '0'),
('62', 'Laundry Detergent', '1', '0', '0'),
('61', 'Garlic Butter Sauce', '1', '0', '0'),
('60', 'Streaming Device', '1', '0', '0'),
('59', 'Sliced Olives', '1', '0', '0'),
('58', 'Gardening Tools Set', '0', '0', '1'),
('57', 'Mini Cordless Vacuum Cleaner', '0', '0', '1'),
('55', 'Frozen Cauliflower Rice', '0', '0', '1'),
('53', 'Portable Solar Charger', '1', '0', '0'),
('52', 'Teriyaki Chicken Stir-Fry', '0', '0', '1'),
('51', 'Honey mustard chicken tenders', '1', '0', '0'),
('50', 'Over-the-Door Shoe Organizer', '1', '0', '0'),
('49', 'Spicy Thai Noodles', '1', '0', '0'),
('48', 'Sliced Cucumbers', '1', '0', '0'),
('47', 'Non-Stick Crepe Pan', '0', '0', '1'),
('45', 'Mediterranean Olives', '1', '0', '0'),
('44', 'Vegetable Korma', '1', '0', '0'),
('43', 'Rice Noodles', '1', '0', '0'),
('40', 'Portable Folding Picnic Table', '1', '0', '0'),
('39', 'Stainless Steel Water Pitcher', '0', '0', '1'),
('38', 'Handheld Vacuum', '0', '0', '1'),
('37', 'Patterned Knit Scarf', '0', '0', '1'),
('36', 'Spicy Chicken Wings', '1', '0', '0'),
('35', 'Dog Training Collar', '1', '0', '0'),
('32', 'Corn Tortillas', '1', '0', '0'),
('31', 'Almond Flour Pancake Mix', '1', '0', '0'),
('30', 'Folding Pocket Knife', '0', '0', '1'),
('29', 'Board Game Storage', '0', '0', '1'),
('28', 'Caramelized Onion Dip Mix', '1', '0', '0'),
('26', 'Flavored Instant Oatmeal', '1', '0', '0'),
('24', 'Infrared Space Heater', '1', '0', '0'),
('23', 'Pasta (Fusilli)', '1', '0', '0'),
('21', 'Organic Cereal Bars', '0', '0', '1'),
('20', 'Grilled Veggie Burgers', '1', '0', '0'),
('19', 'Ceramic Bakeware Set', '1', '0', '0'),
('18', 'Rustic Italian Bread', '0', '0', '1'),
('16', 'Handmade Leather Wallet', '1', '0', '0'),
('15', 'Wildflower Honey', '1', '0', '0'),
('13', 'Roasted Sweet Corn', '1', '0', '0'),
('11', 'Granulated Sugar', '1', '0', '0'),
('10', 'Watercolor Paint Set', '1', '0', '0'),
('9', 'Decorative Throw Blanket', '0', '0', '1'),
('8', 'Travel Jewelry Organizer', '1', '0', '0'),
('7', 'Fitbit Activity Tracker', '0', '0', '1'),
('6', 'Two-Tier Fruit Basket', '1', '0', '0'),
('5', 'Instant Mashed Potatoes', '0', '0', '1'),
('4', 'Cranberry Pecan Granola', '1', '0', '0'),
('3', 'Vegetable Fried Rice', '1', '0', '0'),
('2', 'Sweet BBQ Dipping Sauce', '1', '0', '0'),
('1', 'Smartphone Gimbal', '1', '0', '0');


-- fabricate-flush


INSERT INTO guardarEstand (idAgenda, idBazar, numeroEstand) VALUES
('1', '62', '87'),
('2', '66', '34'),
('3', '85', '92'),
('4', '92', '15'),
('5', '48', '73'),
('6', '55', '41'),
('7', '24', '66'),
('8', '46', '29'),
('9', '53', '18'),
('10', '74', '95'),
('11', '42', '7'),
('12', '49', '56'),
('13', '67', '83'),
('14', '12', '38'),
('15', '73', '91'),
('16', '32', '12'),
('17', '80', '47'),
('18', '25', '64'),
('19', '64', '85'),
('20', '68', '26'),
('21', '93', '99'),
('22', '50', '3'),
('23', '52', '72'),
('24', '6', '54'),
('25', '3', '19'),
('26', '16', '88'),
('27', '1', '45'),
('28', '54', '76'),
('29', '28', '31'),
('30', '91', '58'),
('31', '27', '9'),
('32', '99', '77'),
('33', '31', '23'),
('34', '60', '94'),
('35', '35', '50'),
('36', '75', '6'),
('37', '90', '89'),
('38', '96', '37'),
('39', '45', '81'),
('40', '71', '13'),
('41', '78', '62'),
('42', '56', '28'),
('43', '59', '74'),
('44', '40', '42'),
('45', '41', '96'),
('46', '76', '17'),
('47', '18', '79'),
('48', '10', '55'),
('49', '97', '48'),
('50', '39', '33'),
('51', '51', '65'),
('52', '89', '11'),
('53', '33', '84'),
('54', '19', '71'),
('55', '87', '57'),
('56', '98', '22'),
('57', '63', '40'),
('58', '69', '93'),
('59', '95', '59'),
('60', '29', '75'),
('61', '100', '46'),
('62', '47', '8'),
('63', '23', '98'),
('64', '61', '35'),
('65', '43', '68'),
('66', '84', '52'),
('67', '58', '24'),
('68', '4', '86'),
('69', '8', '61'),
('70', '36', '44'),
('71', '11', '82'),
('72', '20', '30'),
('73', '14', '67'),
('74', '44', '100'),
('75', '38', '10'),
('76', '65', '78'),
('77', '9', '2'),
('78', '83', '63'),
('79', '22', '39'),
('80', '70', '14'),
('81', '13', '80'),
('82', '86', '53'),
('83', '88', '36'),
('84', '2', '97'),
('85', '17', '21'),
('86', '26', '5'),
('87', '37', '70'),
('88', '82', '16'),
('89', '94', '32'),
('90', '30', '4'),
('91', '77', '60'),
('92', '34', '69'),
('93', '72', '90'),
('94', '81', '49'),
('95', '21', '51'),
('96', '5', '25'),
('97', '15', '43'),
('98', '57', '1'),
('99', '7', '20'),
('100', '79', '27');


-- fabricate-flush


INSERT INTO emprendedor (rfc, nombreNegocio, apellidoPaterno, apellidoMaterno, nombre, genero, nacimiento, calle, numInterior, numExterior, colonia, estado) VALUES
('QGRM569246R2I', 'Smartphone Gimbal', 'Ewols', 'Ewols', 'Valry', 'M', '1984-05-14', '2284 Calzada Court', '378', '815', 'Mount Vernon', 'New York'),
('AKYJ048192VEP', 'Sweet BBQ Dipping Sauce', 'Orleton', 'Orleton', 'Blanche', 'F', '1956-11-26', '7850 Viking Place', '861', '993', 'Washington', 'District of Columbia'),
('VBDR981006RMN', 'Vegetable Fried Rice', 'Shovelin', 'Shovelin', 'Georas', 'M', '1945-09-02', '63 Brinson Lane', '597', '313', 'Sacramento', 'California'),
('CICD287390U42', 'Cranberry Pecan Granola', 'Allenson', 'Allenson', 'Raven', 'F', '1985-01-22', '13467 White Terrace', '276', '858', 'Las Vegas', 'Nevada'),
('ZGRY51249842I', 'Instant Mashed Potatoes', 'Stocking', 'Stocking', 'Zachery', 'F', '1965-09-10', '8898 Dudley Terrace', '75', '92', 'Chicago', 'Illinois'),
('TDND9695524NA', 'Two-Tier Fruit Basket', 'Gowers', 'Gowers', 'Joby', 'M', '1993-01-29', '14092 Krilov Place', '237', '935', 'Boston', 'Massachusetts'),
('HXUT959080LJQ', 'Fitbit Activity Tracker', 'Fancutt', 'Fancutt', 'Kora', 'M', '1966-11-10', '1916 Yankee Clipper Run', '833', '743', 'Anderson', 'Indiana'),
('PLLU9530790UC', 'Travel Jewelry Organizer', 'Besemer', 'Besemer', 'Ambrosi', 'F', '1948-06-15', '10654 Melrose Court', '541', '28', 'Spring Hill', 'Florida'),
('ISNZ118154ZYV', 'Decorative Throw Blanket', 'Wipper', 'Wipper', 'Colas', 'F', '1954-05-15', '5339 Daughtry Court', '507', '245', 'New York City', 'New York'),
('EYVK324515AH2', 'Watercolor Paint Set', 'Dorie', 'Dorie', 'Herc', 'M', '1992-12-16', '1967 Soledad Way', '399', '309', 'Farmington', 'Michigan'),
('SJKG362520EIW', 'Granulated Sugar', 'Boness', 'Boness', 'Con', 'F', '2001-06-02', '12682 Peachtree Avenue', '940', '692', 'Kansas City', 'Missouri'),
('TVXY716063LQO', 'Ice Cube Tray with Lid', 'Benardeau', 'Benardeau', 'Susanne', 'F', '1986-12-22', '10577 Morning Glory Terrace', '582', '202', 'Washington', 'District of Columbia'),
('YLMZ149885MVA', 'Roasted Sweet Corn', 'Cadman', 'Cadman', 'Ethe', 'F', '1952-08-20', '14175 Caldwell Court', '245', '499', 'Mansfield', 'Ohio'),
('GDCD175915FH7', 'Classic Pumps', 'Marns', 'Marns', 'Paige', 'M', '1957-07-15', '8790 Cooper Loop', '800', '666', 'Reno', 'Nevada'),
('TCCE960601TPE', 'Wildflower Honey', 'Sapauton', 'Sapauton', 'Cherey', 'F', '1991-09-02', '13764 Gerardo Avenue', '571', '2', 'Milwaukee', 'Wisconsin'),
('TTXH983210G1G', 'Handmade Leather Wallet', 'Seawell', 'Seawell', 'Victoir', 'F', '1971-06-23', '9174 Avery Place', '193', '738', 'Myrtle Beach', 'South Carolina'),
('CMBL9259299DB', 'Pet Training Pads', 'Moodycliffe', 'Moodycliffe', 'Roderick', 'F', '2001-10-01', '7911 Las Cruces Court', '320', '862', 'Arvada', 'Colorado'),
('OAFB5633106EI', 'Rustic Italian Bread', 'Oade', 'Oade', 'Dierdre', 'M', '1996-02-22', '3770 Biggs Place', '147', '575', 'New York City', 'New York'),
('CMHN711616AN6', 'Ceramic Bakeware Set', 'Fewkes', 'Fewkes', 'Kalina', 'F', '1976-08-23', '1091 Jessmyth Place', '104', '421', 'Frankfort', 'Kentucky'),
('REEA8028708M9', 'Grilled Veggie Burgers', 'Dene', 'Dene', 'Bobbe', 'F', '2004-06-09', '13081 Zellwood Street', '697', '569', 'Memphis', 'Tennessee'),
('KHYY182714DDA', 'Organic Cereal Bars', 'Dewett', 'Dewett', 'Meade', 'M', '1946-08-16', '14475 White Terrace', '809', '362', 'New Haven', 'Connecticut'),
('DLCG480322B5G', 'Active Racerback Tank', 'Haughton', 'Haughton', 'Colman', 'F', '1986-07-21', '277 Brenda Court', '835', '627', 'Atlanta', 'Georgia'),
('NUIX540858WYC', 'Pasta (Fusilli)', 'Brauner', 'Brauner', 'Roana', 'F', '1975-01-02', '1250 Espinoza Lane', '727', '856', 'Denver', 'Colorado'),
('MHHW087298AIY', 'Infrared Space Heater', 'Driffill', 'Driffill', 'Toby', 'M', '1980-05-03', '8626 Jadestone Terrace', '660', '170', 'Newark', 'New Jersey'),
('CFFZ994680HC0', 'Comfortable Jogger Pants', 'Fine', 'Fine', 'June', 'M', '1971-12-22', '4126 Lapham Lane', '277', '61', 'Sacramento', 'California'),
('YUXO759451W0F', 'Flavored Instant Oatmeal', 'D''eathe', 'D''eathe', 'Vivian', 'F', '1972-03-08', '9734 Wine Palm Way', '307', '148', 'Charleston', 'West Virginia'),
('EKZF5253425FL', 'Wireless Security Camera', 'Tustin', 'Tustin', 'Jo-ann', 'F', '1966-01-08', '5426 Glen Ridge Court', '606', '989', 'Salt Lake City', 'Utah'),
('ZITL136944VH8', 'Caramelized Onion Dip Mix', 'Patsall', 'Patsall', 'Reynard', 'F', '1956-08-22', '3892 Aquino Lane', '953', '576', 'Indianapolis', 'Indiana'),
('AWFA65788404Y', 'Board Game Storage', 'Aucoate', 'Aucoate', 'Georgianna', 'M', '1945-09-08', '7756 Saul Street', '19', '381', 'Seattle', 'Washington'),
('JYDJ135006XDN', 'Folding Pocket Knife', 'Mallabon', 'Mallabon', 'Alta', 'F', '2005-04-13', '11792 Nighthawk Terrace', '88', '324', 'Brooksville', 'Florida'),
('LTRC1501086FG', 'Almond Flour Pancake Mix', 'Leeming', 'Leeming', 'Phil', 'M', '1950-06-23', '12488 Botner Drive', '388', '741', 'Greenville', 'South Carolina'),
('CDML744961CGQ', 'Corn Tortillas', 'Hitscher', 'Hitscher', 'Hilario', 'F', '1967-01-17', '8976 Willie Way', '961', '980', 'Mobile', 'Alabama'),
('EXMJ410859O4J', 'Buffalo Stilton Cheese', 'MacDermid', 'MacDermid', 'Tobe', 'F', '1972-08-19', '2086 Pacolet Terrace', '64', '596', 'Schenectady', 'New York'),
('BYAM696767F3G', 'Camping Lantern', 'Dumblton', 'Dumblton', 'Elisha', 'M', '2004-10-05', '14809 Fieldstone Path', '18', '451', 'Providence', 'Rhode Island'),
('LDBO460703WTD', 'Dog Training Collar', 'Stitch', 'Stitch', 'Vasilis', 'F', '1966-05-23', '10 Amador Place', '939', '903', 'York', 'Pennsylvania'),
('QYMY809272B7C', 'Spicy Chicken Wings', 'Terry', 'Terry', 'Lila', 'F', '1958-02-10', '12880 Wentrop Avenue', '767', '757', 'Bloomington', 'Illinois'),
('QKWY2999714MR', 'Patterned Knit Scarf', 'Seligson', 'Seligson', 'Belinda', 'M', '1988-03-24', '5165 Oglethorpe Avenue', '776', '519', 'Irving', 'Texas'),
('IHYA715008EXP', 'Handheld Vacuum', 'Blaine', 'Blaine', 'Claretta', 'F', '1975-07-23', '9988 Joyce Lane', '623', '848', 'San Bernardino', 'California'),
('NFQL182366HOS', 'Stainless Steel Water Pitcher', 'Doiley', 'Doiley', 'Kali', 'F', '1996-03-08', '9228 Baysinger Path', '332', '419', 'Maple Plain', 'Minnesota'),
('LNZH358103KEZ', 'Portable Folding Picnic Table', 'Easterling', 'Easterling', 'Goddart', 'F', '1960-08-29', '4677 Idlewood Loop', '633', '294', 'Trenton', 'New Jersey'),
('ABTO686044MB9', 'Watercolor Brush Pens', 'Childes', 'Childes', 'Ellynn', 'M', '1971-12-01', '13497 Nugget Place', '346', '874', 'Roanoke', 'Virginia'),
('UWAO737647JB8', 'Workstation Laptop Stand', 'Joron', 'Joron', 'Cullin', 'F', '1984-01-09', '10470 Lockett Lane', '79', '541', 'West Palm Beach', 'Florida'),
('WHJN187638D2H', 'Rice Noodles', 'Insoll', 'Insoll', 'Alys', 'F', '1989-11-04', '3641 Hancock Street', '118', '772', 'Savannah', 'Georgia'),
('WVME5908499GU', 'Vegetable Korma', 'Cousans', 'Cousans', 'Shane', 'F', '1963-04-26', '5759 San Felipe Lane', '498', '372', 'Colorado Springs', 'Colorado'),
('JCYY721121885', 'Mediterranean Olives', 'Murra', 'Murra', 'Brandea', 'M', '1973-08-27', '770 Folkstone Way', '177', '99', 'Phoenix', 'Arizona'),
('OOZP361104TSH', 'Wild Rice Pilaf', 'Sherringham', 'Sherringham', 'Conchita', 'F', '1950-12-12', '5278 Ridge Spring Drive', '499', '660', 'Saint Paul', 'Minnesota'),
('IXWH0987021E3', 'Non-Stick Crepe Pan', 'Inderwick', 'Inderwick', 'Alfons', 'F', '1980-07-16', '9856 Botner Drive', '694', '40', 'Youngstown', 'Ohio'),
('CIZH011116AN2', 'Sliced Cucumbers', 'Fransseni', 'Fransseni', 'Consuelo', 'M', '1987-01-29', '12659 Erika Place', '337', '838', 'North Little Rock', 'Arkansas'),
('KLVV830941WUO', 'Spicy Thai Noodles', 'Boissier', 'Boissier', 'Stephie', 'F', '1958-09-04', '6874 Cornwall Way', '534', '250', 'Lansing', 'Michigan'),
('DFZN9723506RQ', 'Over-the-Door Shoe Organizer', 'Filmer', 'Filmer', 'Jeremie', 'F', '1951-02-18', '8930 Edenville Path', '298', '482', 'Charlotte', 'North Carolina'),
('OLAM892128JWZ', 'Honey mustard chicken tenders', 'Waeland', 'Waeland', 'Gasper', 'M', '1988-02-09', '4459 Ray Road', '362', '253', 'Greensboro', 'North Carolina'),
('VTGS744679L46', 'Teriyaki Chicken Stir-Fry', 'Crombie', 'Crombie', 'Florentia', 'M', '1996-10-29', '10657 Quail Hollow Court', '959', '713', 'Las Vegas', 'Nevada'),
('XZJZ747169JUM', 'Portable Solar Charger', 'Baysting', 'Baysting', 'Debee', 'F', '1983-12-05', '4408 Evergreen Court', '913', '155', 'Portland', 'Oregon'),
('FFTZ526501N6L', 'Gluten-Free Biscuits', 'Goodban', 'Goodban', 'Denis', 'F', '1974-03-28', '11776 Peachtree Avenue', '284', '926', 'Washington', 'District of Columbia'),
('ZDCU510396L6E', 'Frozen Cauliflower Rice', 'Muggach', 'Muggach', 'Melania', 'F', '1970-12-23', '3186 Glenwood Place', '848', '338', 'El Paso', 'Texas'),
('EXAD420949D9S', 'Multi-Purpose Plant Care Tool', 'Bole', 'Bole', 'Araldo', 'M', '1999-12-02', '7147 Oxford Oaks Lane', '524', '714', 'Miami', 'Florida'),
('JMEW8761136PE', 'Mini Cordless Vacuum Cleaner', 'Dowse', 'Dowse', 'Chip', 'F', '1960-04-02', '9549 Windham Way', '749', '940', 'Paterson', 'New Jersey'),
('HQVP431391JO9', 'Gardening Tools Set', 'Bye', 'Bye', 'Edouard', 'F', '1996-01-06', '13787 Melrose Court', '601', '522', 'Santa Fe', 'New Mexico'),
('VPMM6708923K0', 'Sliced Olives', 'Skarman', 'Skarman', 'Der', 'F', '1967-02-07', '1414 Kathleen Lane', '432', '70', 'New Castle', 'Pennsylvania'),
('KQLG236280MIL', 'Streaming Device', 'Muscat', 'Muscat', 'Arlie', 'M', '1990-01-19', '12192 Baker Lane', '489', '216', 'Miami', 'Florida'),
('XGYP790534NBN', 'Garlic Butter Sauce', 'Jurek', 'Jurek', 'Melli', 'F', '1992-11-07', '7211 Dagenais Way', '670', '738', 'Lafayette', 'Louisiana'),
('XSJB3886109KC', 'Laundry Detergent', 'Hawtrey', 'Hawtrey', 'Lorettalorna', 'M', '2006-05-10', '2247 Gaylark Avenue', '159', '901', 'Washington', 'District of Columbia'),
('WYKV460855DBU', 'Organic Tomato Ketchup', 'Pavlenko', 'Pavlenko', 'Phoebe', 'F', '1951-08-11', '9625 Leelanau Court', '250', '672', 'Columbia', 'South Carolina'),
('LXYD283535INK', 'Quinoa and Kale Salad Kit', 'Danilchik', 'Danilchik', 'Casey', 'M', '1962-09-20', '9620 Bolivar Street', '685', '688', 'Aurora', 'Colorado'),
('GUPJ792867YSF', 'Wooden Toy Train Set', 'Metham', 'Metham', 'Jessee', 'F', '1991-10-05', '7894 Clark Court', '152', '957', 'Richmond', 'Virginia'),
('LZVW082317YWC', 'Digital Meat Thermometer', 'Sivills', 'Sivills', 'Cissiee', 'F', '1969-10-08', '10270 Chula Vista Avenue', '583', '442', 'Peoria', 'Illinois'),
('MLQX134125KLE', 'Baby Monitor', 'Copas', 'Copas', 'Troy', 'M', '1972-09-07', '9020 Nackman Place', '426', '347', 'Albuquerque', 'New Mexico'),
('PIJE608530YCM', 'Pasta Sauce Mix', 'Gruczka', 'Gruczka', 'Druci', 'F', '2003-09-28', '422 Norcoose Road', '47', '162', 'Sioux Falls', 'South Dakota'),
('DFPE094162W08', 'Hand Mixer', 'Rabidge', 'Rabidge', 'Inna', 'F', '1974-04-04', '7471 Dray Drive', '498', '290', 'Tulsa', 'Oklahoma'),
('YMJP7281733E2', 'Buffalo Chicken Wraps', 'Worge', 'Worge', 'Torin', 'F', '1950-05-11', '873 Janwood Avenue', '5', '923', 'Sioux City', 'Iowa'),
('VRJE3083679AK', 'Electric Kettle with Temperature Control', 'Fillgate', 'Fillgate', 'Dorothea', 'F', '1987-08-16', '3222 Buscher Place', '498', '963', 'Duluth', 'Minnesota'),
('HVYT872348HAL', 'Waffle Maker', 'Cleugh', 'Cleugh', 'Sutton', 'M', '1985-02-08', '5844 Royal Pine Court', '778', '244', 'Corpus Christi', 'Texas'),
('OQJJ301102QDR', 'Guitar Tuner', 'Mudle', 'Mudle', 'Ernest', 'F', '1994-06-23', '14709 Ramsay Street', '2', '86', 'Austin', 'Texas'),
('HVPB2641094ZR', 'Lightweight Travel Backpack', 'Aujouanet', 'Aujouanet', 'Emmet', 'M', '1962-05-31', '11624 Treadwell Terrace', '159', '485', 'San Jose', 'California'),
('AEOR899119ZFG', 'Digital Photo Frame', 'Taggert', 'Taggert', 'Bianka', 'F', '2000-06-01', '5452 Salinas Avenue', '6', '22', 'Ocala', 'Florida'),
('QNLR055402H44', 'Vegetable Pizza Rolls', 'Maffeo', 'Maffeo', 'Lawrence', 'F', '1998-12-08', '9685 Sherwood Street', '975', '605', 'Austin', 'Texas'),
('QZAR92217251N', 'Collapsible Folding Chair', 'Scholes', 'Scholes', 'Mead', 'F', '2001-08-22', '14735 Parksville Path', '941', '346', 'Boston', 'Massachusetts'),
('AQEF108668IM8', 'Sliced Bell Peppers', 'Skayman', 'Skayman', 'Hyatt', 'M', '2001-11-08', '7191 Jeff Anderson Way', '431', '163', 'Naples', 'Florida'),
('XOZN356962M4T', 'Leek and Potato Soup', 'Escalero', 'Escalero', 'Arri', 'F', '1957-07-21', '3679 Laurel Run', '431', '156', 'Carson City', 'Nevada'),
('UZMC514047YM8', 'Pet Food Storage Container', 'Teodoro', 'Teodoro', 'Berrie', 'F', '1960-04-23', '3307 Brice Place', '949', '135', 'Philadelphia', 'Pennsylvania'),
('MIXT135236PRX', 'Fresh Cilantro', 'Hachard', 'Hachard', 'Sidoney', 'M', '1973-09-28', '2566 Robert Road', '591', '150', 'Denver', 'Colorado'),
('QTGV045468XL1', 'Buttermilk Pancakes', 'Trudgeon', 'Trudgeon', 'Poul', 'F', '1966-06-16', '852 Braemar Place', '106', '601', 'Baltimore', 'Maryland'),
('SNNK059967M2U', 'Portable Phone Mug Holder', 'Baradel', 'Baradel', 'Antony', 'F', '1945-12-14', '13718 Bridgefield Court', '201', '259', 'Albuquerque', 'New Mexico'),
('DZTH855740P0C', 'Foldable Picnic Table', 'Teggin', 'Teggin', 'Heddie', 'M', '1982-01-15', '1468 Summerchase Loop', '1', '710', 'Oklahoma City', 'Oklahoma'),
('MEYH207153BMJ', 'Coconut Granola', 'Delia', 'Delia', 'Rachel', 'M', '1985-07-09', '6727 Amanda Terrace', '996', '685', 'Dallas', 'Texas'),
('NQMV372982JDK', 'LED Flashlight with Rechargeable Batteries', 'Greatbanks', 'Greatbanks', 'Shanta', 'F', '1969-07-23', '2273 Folsum Place', '596', '719', 'Washington', 'District of Columbia'),
('VNNN1790556PO', 'Honey Sesame Chicken Mix', 'Gianasi', 'Gianasi', 'Herschel', 'F', '1971-05-24', '8007 Margaux Trail', '303', '30', 'Dallas', 'Texas'),
('UEMJ154045AV4', 'Silicone Baking Cups', 'Garlant', 'Garlant', 'Drona', 'F', '1996-01-10', '6583 Teasdale Terrace', '290', '673', 'Boca Raton', 'Florida'),
('FIJI799700O7W', 'Chickpeas', 'McGaughey', 'McGaughey', 'Salim', 'F', '1976-05-02', '8421 Brice Place', '477', '57', 'Canton', 'Ohio'),
('SNEX913152KJR', 'Almond Flour Bread Mix', 'Harnor', 'Harnor', 'Felicle', 'M', '1949-04-24', '5703 Ambler Circle', '229', '473', 'Lehigh Acres', 'Florida'),
('RVSW7873457MP', 'Chic Ankle Strap Heels', 'Ruckman', 'Ruckman', 'Basil', 'F', '1978-08-31', '7019 Ascot Loop', '462', '492', 'Las Vegas', 'Nevada'),
('NLOJ9670814DX', 'Rechargeable Laptop Battery Pack', 'Burless', 'Burless', 'Sorcha', 'M', '2004-08-21', '1474 Olivia Terrace', '770', '811', 'Dearborn', 'Michigan'),
('LVYZ999068YRK', 'Pepperoni Pizza Roll-Ups', 'Moult', 'Moult', 'Brendin', 'F', '1975-05-25', '1320 Batesburg Way', '292', '832', 'Brooklyn', 'New York'),
('GEMI936258QCX', 'Lemon Herb Chicken', 'Achrameev', 'Achrameev', 'Otis', 'M', '1995-11-26', '10614 Clover Court', '530', '956', 'Santa Ana', 'California'),
('QSNR932142D4P', 'Kids'' Trampoline', 'Presslee', 'Presslee', 'Dayle', 'F', '1986-04-12', '6147 Cosmos Way', '151', '451', 'Florence', 'South Carolina'),
('FULD228007I9X', 'Basic V-Neck T-Shirt', 'Doorbar', 'Doorbar', 'Drusie', 'F', '1977-05-23', '7081 Cornwall Way', '101', '434', 'Birmingham', 'Alabama'),
('CUBP350124L6C', 'Buffalo Cauliflower Wings', 'Shortell', 'Shortell', 'Lance', 'F', '1977-04-26', '3340 Vertigo Lane', '766', '489', 'Honolulu', 'Hawaii'),
('GALI408381HSK', 'BBQ Sauce', 'Stallworth', 'Stallworth', 'Moishe', 'F', '2002-04-28', '12110 Kiley Court', '965', '385', 'Naples', 'Florida'),
('BPVT720967CH4', 'Vanilla Ice Cream', 'Feaks', 'Feaks', 'Salomone', 'M', '1967-11-08', '11599 Ware Way', '894', '251', 'Los Angeles', 'California'),
('BKJI569208IR1', 'Fall-Themed Table Runner', 'Bushell', 'Bushell', 'Wyatan', 'M', '1988-10-02', '14928 Hortensia Place', '655', '943', 'Sacramento', 'California');


-- fabricate-flush


INSERT INTO telefonoEmprendedor (rfc, telefono) VALUES
('SJKG362520EIW', '9429439281'),
('BPVT720967CH4', '6143728935'),
('TCCE960601TPE', '4665018450'),
('YUXO759451W0F', '6049819006'),
('NQMV372982JDK', '1986714879'),
('CUBP350124L6C', '8448439716'),
('HVPB2641094ZR', '1760787480'),
('HQVP431391JO9', '9865069865'),
('NFQL182366HOS', '7584137093'),
('GDCD175915FH7', '1044566937'),
('VBDR981006RMN', '4869846180'),
('XGYP790534NBN', '6895565297'),
('FFTZ526501N6L', '7319284408'),
('FIJI799700O7W', '5289660062'),
('CDML744961CGQ', '7962741706'),
('ABTO686044MB9', '8641588471'),
('WVME5908499GU', '2833063548'),
('CIZH011116AN2', '8450188737'),
('DFPE094162W08', '7555559145'),
('LDBO460703WTD', '2747435073'),
('REEA8028708M9', '5377175840'),
('QSNR932142D4P', '3284526239'),
('SNEX913152KJR', '9108074653'),
('QYMY809272B7C', '8338686738'),
('MHHW087298AIY', '9463146240'),
('GUPJ792867YSF', '6366925260'),
('YLMZ149885MVA', '2218437099'),
('QNLR055402H44', '1428804834'),
('JYDJ135006XDN', '8814209358'),
('IHYA715008EXP', '8398743633'),
('HVYT872348HAL', '5428176629'),
('OLAM892128JWZ', '2234368391'),
('WHJN187638D2H', '9741132177'),
('LTRC1501086FG', '4005189361'),
('ZDCU510396L6E', '9468398473'),
('AWFA65788404Y', '9860817771'),
('ZGRY51249842I', '9219175741'),
('LZVW082317YWC', '7278048223'),
('EYVK324515AH2', '9853942254'),
('AQEF108668IM8', '5525544961'),
('UEMJ154045AV4', '7403727335'),
('BYAM696767F3G', '4293987536'),
('VTGS744679L46', '3386567009'),
('OQJJ301102QDR', '1792077797'),
('RVSW7873457MP', '6864599968'),
('XOZN356962M4T', '5559739676'),
('QZAR92217251N', '1883670471'),
('KLVV830941WUO', '1269155896'),
('NUIX540858WYC', '4025870520'),
('NLOJ9670814DX', '7781844994'),
('IXWH0987021E3', '7296690938'),
('YMJP7281733E2', '6666507571'),
('LNZH358103KEZ', '4027900093'),
('MLQX134125KLE', '7168650025'),
('GALI408381HSK', '2692454793'),
('EXMJ410859O4J', '9095935089'),
('CFFZ994680HC0', '8994185684'),
('OOZP361104TSH', '9065797324'),
('MEYH207153BMJ', '7334706453'),
('PIJE608530YCM', '1638741070'),
('AKYJ048192VEP', '3331099384'),
('QKWY2999714MR', '9661779086'),
('QTGV045468XL1', '4104511663'),
('CMHN711616AN6', '4200469599'),
('GEMI936258QCX', '6602620575'),
('XZJZ747169JUM', '3711410262'),
('VPMM6708923K0', '1248565782'),
('LVYZ999068YRK', '2299896235'),
('JMEW8761136PE', '8822979214'),
('DLCG480322B5G', '2077533680'),
('VNNN1790556PO', '3505313604'),
('WYKV460855DBU', '7356215322'),
('DFZN9723506RQ', '2397974480'),
('LXYD283535INK', '5566789613'),
('EKZF5253425FL', '8951416507'),
('FULD228007I9X', '9546089110'),
('QGRM569246R2I', '5236467385'),
('OAFB5633106EI', '9170553282'),
('TDND9695524NA', '9147055985'),
('CICD287390U42', '8321699643'),
('PLLU9530790UC', '9262675547'),
('VRJE3083679AK', '1503827809'),
('BKJI569208IR1', '9700751946'),
('UZMC514047YM8', '1817159444'),
('AEOR899119ZFG', '1631560637'),
('XSJB3886109KC', '8977021326'),
('HXUT959080LJQ', '6044467313'),
('DZTH855740P0C', '3108528898'),
('TVXY716063LQO', '9296730066'),
('TTXH983210G1G', '1178047267'),
('ZITL136944VH8', '1321330533'),
('ISNZ118154ZYV', '3720669994'),
('KHYY182714DDA', '5691052724'),
('SNNK059967M2U', '1983373513'),
('CMBL9259299DB', '2360409504'),
('MIXT135236PRX', '3065957122'),
('KQLG236280MIL', '2663189078'),
('JCYY721121885', '3470737344'),
('EXAD420949D9S', '3411216694'),
('UWAO737647JB8', '9308746744');


-- fabricate-flush



INSERT INTO correoEmprendedor (rfc, correo ) VALUES
('DLCG480322B5G', 'una.herity@gmail.com'),
('JYDJ135006XDN', 'gino.gaiger@gmail.com'),
('VTGS744679L46', 'harald.dmiterko@yahoo.com'),
('GDCD175915FH7', 'marjie.acomb@alice.it'),
('BKJI569208IR1', 'natalina.fernandes@hotmail.com'),
('LZVW082317YWC', 'cy.binner@hotmail.com'),
('DFZN9723506RQ', 'quincey.javes@hotmail.com'),
('TDND9695524NA', 'rice.caen@gmail.com'),
('GUPJ792867YSF', 'sandye.monkton@gmail.com'),
('CIZH011116AN2', 'mitzi.mccarrick@gmail.com'),
('AKYJ048192VEP', 'rebeka.ivatt@yahoo.com'),
('JMEW8761136PE', 'morna.venable@hotmail.com'),
('SJKG362520EIW', 'cairistiona.decruce@gmx.de'),
('ISNZ118154ZYV', 'adore.fray@yahoo.com'),
('HVPB2641094ZR', 'fran.morby@yahoo.com'),
('QGRM569246R2I', 'pammy.liversley@hotmail.com'),
('LVYZ999068YRK', 'nedda.ambrogini@orange.fr'),
('TVXY716063LQO', 'raffaello.hubach@gmail.com'),
('UEMJ154045AV4', 'charlotte.macgiolla@orange.fr'),
('PLLU9530790UC', 'karyl.spain@yahoo.com'),
('AQEF108668IM8', 'garv.calender@zonnet.nl'),
('OOZP361104TSH', 'care.lates@yahoo.com'),
('QSNR932142D4P', 'jasmine.okielt@yahoo.co.uk'),
('TTXH983210G1G', 'rand.dickerson@gmail.com'),
('LTRC1501086FG', 'innis.surmon@hotmail.com'),
('HVYT872348HAL', 'dita.folca@gmail.com'),
('MIXT135236PRX', 'kittie.oneal@yahoo.com'),
('AEOR899119ZFG', 'tammi.hillen@gmail.com'),
('CICD287390U42', 'amalee.connold@yahoo.com'),
('QKWY2999714MR', 'chrystel.ruddin@gmail.com'),
('CMHN711616AN6', 'beret.denge@hotmail.fr'),
('GEMI936258QCX', 'darla.swatten@gmail.com'),
('REEA8028708M9', 'chev.jamot@gmail.com'),
('OLAM892128JWZ', 'man.dutch@gmail.com'),
('XZJZ747169JUM', 'adriana.mcphelimey@yahoo.com'),
('XSJB3886109KC', 'delmer.sidaway@yahoo.com'),
('LDBO460703WTD', 'curt.shepperd@yahoo.com.mx'),
('EXAD420949D9S', 'joseph.bradburn@yahoo.com'),
('EKZF5253425FL', 'iosep.pirson@yahoo.fr'),
('CFFZ994680HC0', 'kasey.holby@hotmail.com'),
('WHJN187638D2H', 'brandie.aplin@aol.com'),
('ZDCU510396L6E', 'jose.tuffs@yahoo.com'),
('UWAO737647JB8', 'darci.langfitt@hotmail.fr'),
('KQLG236280MIL', 'lefty.thornhill@gmail.com'),
('HQVP431391JO9', 'sidonnie.brounfield@libero.it'),
('CDML744961CGQ', 'patrice.spavins@yahoo.com'),
('YUXO759451W0F', 'chip.cammack@hotmail.com'),
('MHHW087298AIY', 'rana.callington@gmail.com'),
('XOZN356962M4T', 'abagail.grigorushkin@aol.com'),
('QZAR92217251N', 'thedric.charlick@alice.it'),
('WVME5908499GU', 'wiley.erwin@free.fr'),
('EYVK324515AH2', 'huntley.pohlak@yahoo.com'),
('SNNK059967M2U', 'thibaud.swaffield@qq.com'),
('FFTZ526501N6L', 'germaine.kenwrick@yahoo.com'),
('OAFB5633106EI', 'reinhard.oduilleain@hotmail.com'),
('FULD228007I9X', 'suzann.tiron@yahoo.com'),
('OQJJ301102QDR', 'blondie.horbart@gmx.de'),
('ZITL136944VH8', 'sigfrid.ivanyushin@wanadoo.fr'),
('TCCE960601TPE', 'prue.lorence@hotmail.co.uk'),
('CUBP350124L6C', 'udall.matcham@yahoo.fr'),
('GALI408381HSK', 'mortimer.ochterlony@yahoo.com'),
('WYKV460855DBU', 'ramonda.labbet@hotmail.com'),
('EXMJ410859O4J', 'dalia.constant@sky.com'),
('QTGV045468XL1', 'janey.triplet@hotmail.com'),
('VNNN1790556PO', 'flora.angless@hotmail.com'),
('VBDR981006RMN', 'leesa.grishankov@yahoo.fr'),
('CMBL9259299DB', 'agnola.waind@aol.com'),
('ABTO686044MB9', 'brant.lisciardelli@gmail.com'),
('DFPE094162W08', 'twila.gowar@gmail.com'),
('DZTH855740P0C', 'damara.roberds@aol.com'),
('NUIX540858WYC', 'laney.ambroix@yahoo.fr'),
('JCYY721121885', 'elita.raddish@yahoo.com'),
('NFQL182366HOS', 'fay.colman@mail.ru'),
('LXYD283535INK', 'whitman.bellson@msn.com'),
('PIJE608530YCM', 'darline.smalecombe@hotmail.com'),
('YLMZ149885MVA', 'jemie.scain@hotmail.com'),
('HXUT959080LJQ', 'ugo.basili@yahoo.com'),
('RVSW7873457MP', 'merell.clackson@gmail.com'),
('QNLR055402H44', 'sal.mckoy@terra.com.br'),
('IXWH0987021E3', 'rozanne.beadnall@gmail.com'),
('BPVT720967CH4', 'nerty.delavaletteparisot@gmail.com'),
('BYAM696767F3G', 'reider.bohler@yahoo.com'),
('NQMV372982JDK', 'silvie.chaters@orange.fr'),
('IHYA715008EXP', 'kenyon.custed@hotmail.com'),
('KHYY182714DDA', 'martina.kibbe@libero.it'),
('SNEX913152KJR', 'kassia.rannigan@gmail.com'),
('YMJP7281733E2', 'olympie.fallowfield@yahoo.com'),
('VRJE3083679AK', 'adlai.tooher@gmail.com'),
('AWFA65788404Y', 'corilla.muscat@web.de'),
('XGYP790534NBN', 'yolane.mulgrew@yahoo.com'),
('NLOJ9670814DX', 'joyce.farthing@gmail.com'),
('ZGRY51249842I', 'hobey.bythell@yahoo.com'),
('FIJI799700O7W', 'nettie.hurll@hotmail.com'),
('KLVV830941WUO', 'francisco.guillou@gmail.com'),
('UZMC514047YM8', 'camella.dolby@frontiernet.net'),
('MLQX134125KLE', 'werner.quesne@gmail.com'),
('MEYH207153BMJ', 'oliver.fildery@hotmail.com'),
('QYMY809272B7C', 'evangeline.cragoe@hotmail.com'),
('VPMM6708923K0', 'nerta.gligorijevic@gmail.com'),
('LNZH358103KEZ', 'clarabelle.clemitt@live.fr');


-- fabricate-flush


INSERT INTO correoNegocio (nombreNegocio, correo) VALUES
('Smartphone Gimbal', 'edith.birkenshaw@yahoo.com'),
('Sweet BBQ Dipping Sauce', 'gerianna.kahen@hotmail.com'),
('Vegetable Fried Rice', 'eberhard.aujean@gmail.com'),
('Cranberry Pecan Granola', 'dallas.hunnaball@yahoo.com'),
('Instant Mashed Potatoes', 'carolin.boyn@rediffmail.com'),
('Two-Tier Fruit Basket', 'giuseppe.detocqueville@gmail.com'),
('Fitbit Activity Tracker', 'jewell.macsorley@comcast.net'),
('Travel Jewelry Organizer', 'loren.mckerley@yahoo.com'),
('Decorative Throw Blanket', 'alastair.bedward@gmail.com'),
('Watercolor Paint Set', 'rubia.maiklem@gmail.com'),
('Granulated Sugar', 'meryl.gilberthorpe@rediffmail.com'),
('Ice Cube Tray with Lid', 'chickie.byas@yahoo.com'),
('Roasted Sweet Corn', 'rodolfo.castro@msn.com'),
('Classic Pumps', 'marvin.dineen@live.co.uk'),
('Wildflower Honey', 'dre.woofenden@hotmail.com'),
('Handmade Leather Wallet', 'agathe.bingham@hotmail.com'),
('Pet Training Pads', 'thorsten.mcgettrick@wanadoo.fr'),
('Rustic Italian Bread', 'ellsworth.songust@hotmail.com'),
('Ceramic Bakeware Set', 'suzette.hinrichs@aliceadsl.fr'),
('Grilled Veggie Burgers', 'shena.turbern@gmail.com'),
('Organic Cereal Bars', 'pace.offin@hotmail.com'),
('Active Racerback Tank', 'vilhelmina.rubberts@hotmail.com'),
('Pasta (Fusilli)', 'mayor.madsen@yahoo.com'),
('Infrared Space Heater', 'hesther.purshouse@hotmail.com'),
('Comfortable Jogger Pants', 'charlot.ginnell@gmail.com'),
('Flavored Instant Oatmeal', 'haroun.chatteris@hotmail.com'),
('Wireless Security Camera', 'arley.petrasek@hotmail.com'),
('Caramelized Onion Dip Mix', 'goraud.tolworth@hotmail.com'),
('Board Game Storage', 'fleurette.affron@yahoo.com'),
('Folding Pocket Knife', 'elbertine.lemerie@hotmail.com'),
('Almond Flour Pancake Mix', 'heida.dalessandro@gmail.com'),
('Corn Tortillas', 'agosto.reyna@wanadoo.fr'),
('Buffalo Stilton Cheese', 'philis.haddleton@hotmail.com'),
('Camping Lantern', 'kain.fend@gmail.com'),
('Dog Training Collar', 'millard.worden@yahoo.de'),
('Spicy Chicken Wings', 'jeni.derington@hotmail.com'),
('Patterned Knit Scarf', 'bernie.mceachern@yahoo.com'),
('Handheld Vacuum', 'meridith.fotherby@gmail.com'),
('Stainless Steel Water Pitcher', 'cherida.wingfield@gmail.com'),
('Portable Folding Picnic Table', 'robina.glantz@yahoo.it'),
('Watercolor Brush Pens', 'berget.farron@yahoo.com'),
('Workstation Laptop Stand', 'torey.desimone@yahoo.fr'),
('Rice Noodles', 'carry.mulmuray@yahoo.com'),
('Vegetable Korma', 'silvano.blaxton@gmail.com'),
('Mediterranean Olives', 'donni.hyett@gmail.com'),
('Wild Rice Pilaf', 'vergil.rubinovitch@yahoo.com'),
('Non-Stick Crepe Pan', 'rickie.thurstance@optusnet.com.au'),
('Sliced Cucumbers', 'cameron.aubrey@hotmail.it'),
('Spicy Thai Noodles', 'hodge.barizeret@gmail.com'),
('Over-the-Door Shoe Organizer', 'harvey.reuben@hotmail.com'),
('Honey mustard chicken tenders', 'hasty.marchington@hotmail.com'),
('Teriyaki Chicken Stir-Fry', 'beryl.cutchee@hotmail.com'),
('Portable Solar Charger', 'dorella.sealy@gmail.com'),
('Gluten-Free Biscuits', 'hersh.louis@hotmail.com'),
('Frozen Cauliflower Rice', 'harwilll.leither@hotmail.com'),
('Multi-Purpose Plant Care Tool', 'henryetta.trevino@yahoo.com'),
('Mini Cordless Vacuum Cleaner', 'ambrosi.varnham@hotmail.com'),
('Gardening Tools Set', 'dottie.baynard@gmail.com'),
('Sliced Olives', 'leda.mulheron@gmail.com'),
('Streaming Device', 'mallorie.penney@hotmail.fr'),
('Garlic Butter Sauce', 'yorgo.tomadoni@gmail.com'),
('Laundry Detergent', 'cody.godbert@gmail.com'),
('Organic Tomato Ketchup', 'nerti.keyzor@yahoo.com'),
('Quinoa and Kale Salad Kit', 'ethelred.mellor@yahoo.com'),
('Wooden Toy Train Set', 'sheela.tamburi@yahoo.com'),
('Digital Meat Thermometer', 'heda.abram@hotmail.com'),
('Baby Monitor', 'clemmie.maingot@gmail.com'),
('Pasta Sauce Mix', 'alana.hartegan@gmail.com'),
('Hand Mixer', 'georgia.brobyn@gmail.com'),
('Buffalo Chicken Wraps', 'gannon.haddon@yahoo.com'),
('Electric Kettle with Temperature Control', 'roderich.twiddell@hotmail.fr'),
('Waffle Maker', 'kay.rieger@gmail.com'),
('Guitar Tuner', 'lethia.longhi@charter.net'),
('Lightweight Travel Backpack', 'syd.weller@gmail.com'),
('Digital Photo Frame', 'leontine.dreghorn@hotmail.com'),
('Vegetable Pizza Rolls', 'brose.pury@hotmail.com'),
('Collapsible Folding Chair', 'midge.sharplin@cox.net'),
('Sliced Bell Peppers', 'carmine.bootton@yahoo.com'),
('Leek and Potato Soup', 'herminia.gosland@gmail.com'),
('Pet Food Storage Container', 'kayle.clubley@gmail.com'),
('Fresh Cilantro', 'emmet.saville@yahoo.com'),
('Buttermilk Pancakes', 'mora.forgie@aol.com'),
('Portable Phone Mug Holder', 'kaela.kenderdine@gmail.com'),
('Foldable Picnic Table', 'jeth.maypother@gmail.com'),
('Coconut Granola', 'katusha.howle@hotmail.com'),
('LED Flashlight with Rechargeable Batteries', 'corene.ranvoise@att.net'),
('Honey Sesame Chicken Mix', 'emelita.maccaig@gmail.com'),
('Silicone Baking Cups', 'illa.lawrie@hotmail.com'),
('Chickpeas', 'wenda.saddler@sky.com'),
('Almond Flour Bread Mix', 'em.kittless@yahoo.com'),
('Chic Ankle Strap Heels', 'brok.lorant@gmail.com'),
('Rechargeable Laptop Battery Pack', 'hughie.lavens@hotmail.com'),
('Pepperoni Pizza Roll-Ups', 'baron.evennett@orange.fr'),
('Lemon Herb Chicken', 'leonard.scholte@hotmail.com'),
('Kids'' Trampoline', 'tansy.curragh@gmail.com'),
('Basic V-Neck T-Shirt', 'aldon.kanwell@hotmail.com'),
('Buffalo Cauliflower Wings', 'parry.swepson@gmail.com'),
('BBQ Sauce', 'jaclin.clues@yahoo.com'),
('Vanilla Ice Cream', 'emlynne.cowle@yahoo.fr'),
('Fall-Themed Table Runner', 'tiffi.berndt@yahoo.com');


-- fabricate-flush


INSERT INTO personalLimpieza (rfc, nombre, apellidoPaterno, apellidoMaterno, calle, numInterior, numExterior, colonia, estado, horaInicio, horaFinal, fechaAsistencia, salario) VALUES
('FU0O8FBZVJBK2', 'Phoebe', 'Pavlenko', 'Pavlenko', '10314 Arteaga Way', '158', '901', 'Atlanta', ' Querétaro', '16:00', '20:00', '2024-06-04', '12290.44'),
('A4K1ACWZ6NSLC', 'Rachel', 'Delia', 'Delia', '3807 Chris Corley Loop', '383', '9531', 'San Francisco', ' Sonora', '08:00', '12:00', '2024-12-24', '14259.93'),
('95JLQDJNA0CFJ', 'Lawrence', 'Maffeo', 'Maffeo', '4532 Mott Street', '312', '3862', 'Washington', ' Puebla', '12:00', '16:00', '2025-02-04', '11140.43'),
('8155V2JFS7AXT', 'Der', 'Skarman', 'Skarman', '11266 Carla Fink Court', '14', '9914', 'Colorado Springs', 'Aguascalientes', '16:00', '20:00', '2024-08-12', '11845.72'),
('B9WW9WMGOYQE2', 'Kali', 'Doiley', 'Doiley', '3473 Bottlebrush Street', '227', '6795', 'Fort Smith', ' Yucatán', '16:00', '20:00', '2024-09-29', '14576.90'),
('ZA08UQ5G1TIM5', 'Vivian', 'D''eathe', 'D''eathe', '4114 Antonia Lane', '416', '7106', 'Milwaukee', ' Querétaro', '16:00', '20:00', '2024-10-12', '12038.75'),
('TXKQJ5LVKHN84', 'Raven', 'Allenson', 'Allenson', '8158 Teasdale Terrace', '401', '7880', 'Washington', 'Aguascalientes', '16:00', '20:00', '2025-02-16', '12133.54'),
('3T6ZFI29YVZMR', 'Edouard', 'Bye', 'Bye', '12799 Mott Street', '301', '1922', 'Madison', ' Jalisco', '08:00', '12:00', '2024-07-24', '13508.92'),
('74ULOUES90XM0', 'Roana', 'Brauner', 'Brauner', '11428 Everwood Court', '442', '977', 'New York City', ' Guerrero', '08:00', '12:00', '2025-03-28', '10523.51'),
('T30Z6U1MY9NQ5', 'Lila', 'Terry', 'Terry', '4112 Broxton Place', '219', '3320', 'Houston', ' Ciudad de México', '08:00', '12:00', '2024-10-31', '11661.33'),
('XV21GZJ9QH0FQ', 'Paige', 'Marns', 'Marns', '7893 Layton Terrace', '215', '7584', 'Honolulu', ' Hidalgo', '08:00', '12:00', '2025-02-12', '12427.37'),
('SAQMDUECICOOC', 'Poul', 'Trudgeon', 'Trudgeon', '4676 Duxbury Lane', '119', '1492', 'Trenton', ' Nuevo León', '08:00', '12:00', '2024-08-18', '10054.64'),
('6M5PZ3P1XURFD', 'Shanta', 'Greatbanks', 'Greatbanks', '7139 Silverstreet Way', '241', '671', 'Green Bay', ' Chihuahua', '12:00', '16:00', '2024-10-25', '11685.09'),
('FAULY7B930AU6', 'Mead', 'Scholes', 'Scholes', '12599 Zanzibar Place', '101', '2688', 'Miami', ' Veracruz', '12:00', '16:00', '2025-03-26', '13799.72'),
('Z5OKFDVIM27GX', 'Jessee', 'Metham', 'Metham', '11759 Mansfield Street', '145', '7296', 'Louisville', ' Colima', '12:00', '16:00', '2024-08-09', '11614.08'),
('K3A8A8ITYO1DN', 'Dayle', 'Presslee', 'Presslee', '2116 Abdella Way', '115', '6067', 'Saint Paul', 'Aguascalientes', '12:00', '16:00', '2024-08-22', '11249.98'),
('DMHGXF3YB8EM7', 'Herschel', 'Gianasi', 'Gianasi', '8187 Rockingham Road', '338', '2045', 'Hampton', ' Michoacán', '12:00', '16:00', '2024-09-28', '14357.79'),
('T39999BZYE7S9', 'Hilario', 'Hitscher', 'Hitscher', '6001 Doris Court', '496', '1498', 'San Francisco', ' Sinaloa', '12:00', '16:00', '2024-10-18', '9320.70'),
('UQEDWMQRT6GAF', 'Stephie', 'Boissier', 'Boissier', '9148 Harvey Lane', '62', '9485', 'New York City', ' Estado de México', '12:00', '16:00', '2024-05-02', '12708.52'),
('EO545SI9DKCQH', 'Arlie', 'Muscat', 'Muscat', '9921 Birchbrook Avenue', '49', '8155', 'Houston', ' Quintana Roo', '08:00', '12:00', '2025-04-25', '14709.46'),
('U0I0DHABY0MY8', 'Jo-ann', 'Tustin', 'Tustin', '9847 Mary Loop', '373', '1277', 'Richmond', ' Baja California Sur', '16:00', '20:00', '2025-01-17', '12573.72'),
('N3QL8O5SXQIX7', 'Sidoney', 'Hachard', 'Hachard', '6340 Jonesville Terrace', '426', '4420', 'Charlotte', ' Nayarit', '16:00', '20:00', '2024-11-15', '12484.27'),
('XLCNQGDPL8Z5D', 'Denis', 'Goodban', 'Goodban', '9925 Kathleen Lane', '109', '6764', 'Naples', ' Guanajuato', '16:00', '20:00', '2024-07-02', '9636.59'),
('Y6E0WNVGIM1BN', 'Georgianna', 'Aucoate', 'Aucoate', '11037 Bayhill Court', '150', '708', 'Shreveport', ' Guanajuato', '16:00', '20:00', '2025-02-01', '14740.14'),
('XH7AUXQQPV7V6', 'June', 'Fine', 'Fine', '6695 Newcastle Avenue', '302', '2886', 'Virginia Beach', ' Michoacán', '16:00', '20:00', '2024-10-30', '13308.06'),
('SM0T1PTJW95GG', 'Meade', 'Dewett', 'Dewett', '906 Salmon Way', '41', '5662', 'Norwalk', ' Nayarit', '16:00', '20:00', '2025-01-22', '9758.41'),
('L3AMIURHFIG69', 'Cherey', 'Sapauton', 'Sapauton', '13286 Juanita Court', '37', '7605', 'New York City', ' Tlaxcala', '16:00', '20:00', '2025-01-23', '12602.38'),
('KY89U8VWPW4I2', 'Alys', 'Insoll', 'Insoll', '4192 Judith Lane', '128', '8397', 'Houston', ' Tamaulipas', '16:00', '20:00', '2025-04-06', '12599.67'),
('UHHILF57ASGQ2', 'Lorettalorna', 'Hawtrey', 'Hawtrey', '8430 Clymer Court', '309', '4929', 'Billings', ' Guerrero', '16:00', '20:00', '2025-01-07', '12581.87'),
('K7W8IPFZ4KWMT', 'Toby', 'Driffill', 'Driffill', '4374 Poppy Circle', '362', '3824', 'Montgomery', ' San Luis Potosí', '16:00', '20:00', '2024-09-10', '13887.76'),
('E67JG7G7F1E8Z', 'Kalina', 'Fewkes', 'Fewkes', '3708 San Pedro Drive', '258', '3545', 'Hamilton', ' Jalisco', '16:00', '20:00', '2024-12-30', '14636.71'),
('H92G1ATTCGY33', 'Dierdre', 'Oade', 'Oade', '9468 Lisbon Lane', '271', '9348', 'Albany', ' Campeche', '16:00', '20:00', '2024-05-01', '13989.25'),
('VITCJLA8MCOJV', 'Elisha', 'Dumblton', 'Dumblton', '7011 Mincey Loop', '305', '8754', 'Reading', ' Zacatecas', '16:00', '20:00', '2024-07-27', '14067.71'),
('6B6KY6VUI020Q', 'Victoir', 'Seawell', 'Seawell', '7492 Mead Place', '130', '3780', 'Garland', ' Baja California', '16:00', '20:00', '2024-10-26', '14270.62'),
('DYC1FNS7MNSZJ', 'Emmet', 'Aujouanet', 'Aujouanet', '8128 Ely Circle', '108', '8109', 'Las Vegas', ' Yucatán', '08:00', '12:00', '2024-08-11', '14730.75'),
('3TI8ZTXX1GQYN', 'Drusie', 'Doorbar', 'Doorbar', '13148 Mission Hills Trail', '396', '3239', 'Lincoln', ' Baja California Sur', '16:00', '20:00', '2024-11-14', '13555.15'),
('KWCIFRLX21XR5', 'Zachery', 'Stocking', 'Stocking', '13139 Deauville Court', '383', '4230', 'Laurel', ' Zacatecas', '08:00', '12:00', '2024-08-08', '11964.64'),
('SHPB7WTGRC4S3', 'Wyatan', 'Bushell', 'Bushell', '12564 Pelchat Place', '206', '9853', 'Norfolk', ' Durango', '08:00', '12:00', '2024-08-26', '9960.86'),
('UBG3L1W061E9L', 'Florentia', 'Crombie', 'Crombie', '9629 Thorne Path', '115', '8018', 'Aiken', ' Morelos', '16:00', '20:00', '2025-04-16', '12657.98'),
('NDZQKVVC89RJ6', 'Alta', 'Mallabon', 'Mallabon', '2440 Glenwood Place', '195', '8859', 'Saint Louis', ' Estado de México', '16:00', '20:00', '2024-12-12', '13987.30'),
('OHC1C4QCV2MXS', 'Ernest', 'Mudle', 'Mudle', '13228 Sharon Drive', '376', '4413', 'Buffalo', ' Hidalgo', '08:00', '12:00', '2025-04-10', '14656.95'),
('AUEI124I1BVGD', 'Moishe', 'Stallworth', 'Stallworth', '12086 San Fernando Drive', '1', '4743', 'Phoenix', ' Coahuila', '16:00', '20:00', '2025-03-24', '9648.82'),
('F4MDPCLRMCSGU', 'Basil', 'Ruckman', 'Ruckman', '5976 Pacillo Place', '465', '4511', 'Huntington', ' Ciudad de México', '16:00', '20:00', '2025-03-12', '13243.76'),
('TR5QEC8NEV32J', 'Salim', 'McGaughey', 'McGaughey', '7474 Abney Avenue', '317', '5351', 'Pasadena', ' Coahuila', '16:00', '20:00', '2025-03-03', '12331.91'),
('Z5JXH10D9L2C2', 'Melania', 'Muggach', 'Muggach', '11127 Belmont Place', '224', '5447', 'Oklahoma City', ' Durango', '16:00', '20:00', '2024-09-30', '12854.22'),
('8QDW1RALKOE5R', 'Reynard', 'Patsall', 'Patsall', '13431 Jordan Street', '7', '9260', 'Arlington', ' Puebla', '16:00', '20:00', '2024-12-07', '13463.55'),
('78YGIOZ8DLKX7', 'Troy', 'Copas', 'Copas', '11162 Cancun Court', '230', '1436', 'Plano', ' Oaxaca', '16:00', '20:00', '2024-08-12', '10535.23'),
('GM8CDWJVFER1D', 'Lance', 'Shortell', 'Shortell', '2327 Eldra Loop', '464', '3455', 'Paterson', ' Campeche', '16:00', '20:00', '2024-08-13', '12082.19'),
('JK6QZDQSTS7IM', 'Brendin', 'Moult', 'Moult', '10826 Mustart Court', '103', '6833', 'Newton', ' Guerrero', '16:00', '20:00', '2025-01-23', '10099.25'),
('H94DJ2LFN0VFR', 'Druci', 'Gruczka', 'Gruczka', '1449 Nellie Road', '290', '5730', 'Fresno', ' Durango', '16:00', '20:00', '2024-05-09', '9366.06'),
('AJJUNJPP2IYZB', 'Jeremie', 'Filmer', 'Filmer', '10019 Loadstar Avenue', '462', '5756', 'Springfield', ' Nuevo León', '08:00', '12:00', '2024-06-17', '11767.61'),
('VGRNNS5J79DOZ', 'Bobbe', 'Dene', 'Dene', '8231 Inverness Place', '450', '9377', 'Alexandria', ' Quintana Roo', '08:00', '12:00', '2024-08-03', '14772.00'),
('LQ5322ZJFHDO1', 'Sorcha', 'Burless', 'Burless', '8177 St. Andrews Blvd.', '175', '5659', 'Topeka', ' Baja California', '16:00', '20:00', '2025-01-16', '12602.60'),
('U9CX5FH43CG8C', 'Arri', 'Escalero', 'Escalero', '7218 Sadie Avenue', '415', '4699', 'Tyler', ' Campeche', '16:00', '20:00', '2025-01-03', '9474.48'),
('LLUAGKK89P28O', 'Tobe', 'MacDermid', 'MacDermid', '14597 Evelynton Loop', '75', '3966', 'Chicago', ' Chiapas', '16:00', '20:00', '2025-02-11', '14603.77'),
('NQNYAO2GMNLMM', 'Susanne', 'Benardeau', 'Benardeau', '7264 Crane Doran Place', '34', '8447', 'Amarillo', ' Tamaulipas', '08:00', '12:00', '2024-08-09', '12081.37'),
('NG72D15ZDHSUD', 'Bianka', 'Taggert', 'Taggert', '8083 Whitten Terrace', '471', '3034', 'Duluth', ' Tabasco', '16:00', '20:00', '2024-06-13', '11186.47'),
('C87BSKAN8QGD7', 'Joby', 'Gowers', 'Gowers', '8531 Red Hill Road', '124', '3569', 'Seattle', ' Colima', '16:00', '20:00', '2024-06-05', '12323.18'),
('8QOHV04C9XZVP', 'Drona', 'Garlant', 'Garlant', '12589 Knowlton Avenue', '413', '847', 'Savannah', ' Morelos', '08:00', '12:00', '2025-04-24', '9615.75'),
('35ZAZSBZGGA5S', 'Casey', 'Danilchik', 'Danilchik', '3397 Dunbar Avenue', '95', '6409', 'Memphis', ' Tlaxcala', '16:00', '20:00', '2024-05-12', '13820.19'),
('7HS9VTUT7HND5', 'Gasper', 'Waeland', 'Waeland', '10509 Patrick Place', '62', '4075', 'Colorado Springs', ' Hidalgo', '16:00', '20:00', '2024-12-22', '10200.94'),
('UINZXN8K458O6', 'Vasilis', 'Stitch', 'Stitch', '5911 Dipper Loop', '354', '1676', 'Minneapolis', ' Campeche', '16:00', '20:00', '2025-04-07', '12285.27'),
('VSOLROCNMANOB', 'Colas', 'Wipper', 'Wipper', '2506 Bosie Run', '490', '1800', 'Detroit', ' Chihuahua', '08:00', '12:00', '2024-09-14', '10345.82'),
('ZFB0LSX2H0UKO', 'Valry', 'Ewols', 'Ewols', '9270 Merrit Lane', '297', '8459', 'Wilkes Barre', ' Yucatán', '16:00', '20:00', '2025-01-09', '12223.20'),
('WW5UJ0NK6YRH5', 'Inna', 'Rabidge', 'Rabidge', '5829 Reedy Creek Place', '65', '8349', 'Jackson', ' San Luis Potosí', '16:00', '20:00', '2024-07-24', '12963.37'),
('3N5ROIQHK5NSD', 'Phil', 'Leeming', 'Leeming', '860 Tupelo Terrace', '382', '373', 'Fort Lauderdale', ' Ciudad de México', '08:00', '12:00', '2024-08-28', '14394.13'),
('B3ZPUM90AQMX4', 'Ambrosi', 'Besemer', 'Besemer', '2857 Hardrick Place', '185', '689', 'New Orleans', ' Oaxaca', '16:00', '20:00', '2024-08-08', '11616.83'),
('G3N0JKQD8K1UD', 'Berrie', 'Teodoro', 'Teodoro', '13716 Hollyhock Way', '447', '4452', 'Huntington Beach', ' Chiapas', '16:00', '20:00', '2024-08-14', '13650.49'),
('8QE6229L4VYIO', 'Cissiee', 'Sivills', 'Sivills', '9627 Hildalgo Drive', '22', '1089', 'Pittsburgh', ' Jalisco', '08:00', '12:00', '2025-02-13', '9456.83'),
('I4BJM64RMOQAY', 'Torin', 'Worge', 'Worge', '90 Burgess Drive', '416', '1002', 'Hialeah', ' Tlaxcala', '12:00', '16:00', '2024-11-22', '14541.82'),
('N5CH7736OYKCE', 'Consuelo', 'Fransseni', 'Fransseni', '13449 Woodbridge Way', '274', '8810', 'Maple Plain', ' Coahuila', '08:00', '12:00', '2024-12-23', '12087.40'),
('4HIMWQA0NHSIC', 'Con', 'Boness', 'Boness', '13757 Nursery Place', '367', '7181', 'Springfield', ' Nuevo León', '08:00', '12:00', '2024-05-22', '14994.82'),
('TPU108XJVNFER', 'Georas', 'Shovelin', 'Shovelin', '9717 Umland Lane', '142', '197', 'Texarkana', ' Tabasco', '12:00', '16:00', '2024-12-20', '14996.24'),
('8WULGH8ZLIRHH', 'Hyatt', 'Skayman', 'Skayman', '11112 Horton Terrace', '239', '218', 'York', ' Zacatecas', '08:00', '12:00', '2024-06-04', '10555.60'),
('BWOOSUQ9OUTM3', 'Melli', 'Jurek', 'Jurek', '4763 Beauclair Place', '478', '2136', 'Watertown', ' Puebla', '08:00', '12:00', '2024-06-05', '10930.16'),
('OQ1V3GBIVU8WC', 'Chip', 'Dowse', 'Dowse', '9331 Ashford Avenue', '4', '8396', 'Syracuse', ' Michoacán', '12:00', '16:00', '2024-10-19', '14132.59'),
('BC7UKB4MQY54F', 'Conchita', 'Sherringham', 'Sherringham', '4152 Drayton Place', '480', '2876', 'Los Angeles', ' Baja California', '12:00', '16:00', '2024-10-20', '9365.93'),
('CTAPS8WIMR20K', 'Alfons', 'Inderwick', 'Inderwick', '7143 Deuberry Terrace', '404', '8070', 'Melbourne', ' San Luis Potosí', '12:00', '16:00', '2024-05-24', '13076.35'),
('82DVOZICAM1UV', 'Claretta', 'Blaine', 'Blaine', '10604 Hillard Lane', '297', '8065', 'Hayward', ' Nayarit', '08:00', '12:00', '2024-05-26', '11395.94'),
('Z616K5FHDD4TV', 'Salomone', 'Feaks', 'Feaks', '2185 Ortez Lane', '82', '88', 'Charlotte', ' Chiapas', '12:00', '16:00', '2024-11-03', '14990.70'),
('YOIXKDK8IVQHA', 'Felicle', 'Harnor', 'Harnor', '9227 Jubilee Court', '81', '6109', 'Washington', ' Quintana Roo', '08:00', '12:00', '2024-06-02', '13276.30'),
('BPZJN48I8NMVZ', 'Cullin', 'Joron', 'Joron', '1724 Roseapple Avenue', '236', '3257', 'San Jose', ' Colima', '12:00', '16:00', '2024-11-05', '12076.18'),
('O40AS45I5JU6V', 'Ellynn', 'Childes', 'Childes', '6188 Foggy Brook Loop', '171', '8933', 'Littleton', ' Baja California Sur', '08:00', '12:00', '2024-10-28', '9460.14'),
('1CK952JMTTO9S', 'Belinda', 'Seligson', 'Seligson', '6852 Irdell Avenue', '288', '193', 'Lubbock', ' Sinaloa', '12:00', '16:00', '2024-11-27', '9241.44'),
('V0BEBSZTDI6LX', 'Roderick', 'Moodycliffe', 'Moodycliffe', '10944 Kempton Place', '296', '7110', 'Washington', ' Veracruz', '12:00', '16:00', '2024-05-22', '13130.03'),
('FY7E58VWQJ2T1', 'Antony', 'Baradel', 'Baradel', '4600 Karen Perkins Street', '384', '2789', 'Baltimore', ' Tamaulipas', '12:00', '16:00', '2025-02-22', '11670.12'),
('LNILBTNM5ALFA', 'Brandea', 'Murra', 'Murra', '12178 Alcade Place', '115', '3101', 'Buffalo', ' Oaxaca', '12:00', '16:00', '2025-03-19', '12343.35'),
('1ZFQ0PBQBZVRB', 'Dorothea', 'Fillgate', 'Fillgate', '4293 Cichielo Court', '123', '504', 'Yonkers', ' Querétaro', '12:00', '16:00', '2025-03-04', '13390.10'),
('N0E3Q1UODO5BD', 'Kora', 'Fancutt', 'Fancutt', '12119 Tisbury Avenue', '437', '8428', 'Birmingham', ' Chiapas', '12:00', '16:00', '2024-09-01', '9856.05'),
('J9OQVH6QHQWZ2', 'Araldo', 'Bole', 'Bole', '13292 Dyals Court', '179', '1710', 'Shawnee Mission', ' Chihuahua', '12:00', '16:00', '2025-03-01', '13905.22'),
('MAK2Q9WAXY132', 'Ethe', 'Cadman', 'Cadman', '14461 Eastover Terrace', '164', '692', 'Austin', ' Morelos', '12:00', '16:00', '2024-05-20', '14183.90'),
('ZIM9DW5ITK9RM', 'Herc', 'Dorie', 'Dorie', '741 Duncan Drive', '427', '7700', 'Austin', ' Coahuila', '12:00', '16:00', '2024-05-02', '10831.62'),
('D9AB0CWTX3OI8', 'Otis', 'Achrameev', 'Achrameev', '8300 Luraville Road', '365', '2917', 'El Paso', ' Sinaloa', '12:00', '16:00', '2024-12-17', '10937.51'),
('UMD311KGWKQFW', 'Blanche', 'Orleton', 'Orleton', '130 Tain Terrace', '342', '6228', 'Juneau', ' Durango', '12:00', '16:00', '2024-10-27', '9942.27'),
('FXRHWGM3D94JV', 'Heddie', 'Teggin', 'Teggin', '9166 Rees Place', '355', '5563', 'Rochester', ' Guanajuato', '12:00', '16:00', '2025-01-18', '12401.69'),
('RT29PJW4PKV1F', 'Sutton', 'Cleugh', 'Cleugh', '3435 Hillcrest Drive', '453', '188', 'Mesa', ' Estado de México', '12:00', '16:00', '2024-10-05', '11034.64'),
('W6EV8BX2JP5GQ', 'Goddart', 'Easterling', 'Easterling', '13809 Rio Grande Avenue', '321', '8794', 'Oakland', ' Tabasco', '12:00', '16:00', '2024-08-12', '13339.22'),
('HTSGGPBT4SPKM', 'Colman', 'Haughton', 'Haughton', '6830 Hames Lane', '126', '7937', 'Tacoma', ' Sonora', '12:00', '16:00', '2024-07-24', '12354.84'),
('R342EL9NEF0TY', 'Debee', 'Baysting', 'Baysting', '10131 Tremont Street', '475', '1333', 'Oakland', ' Veracruz', '12:00', '16:00', '2024-06-05', '13004.31'),
('G4UNXC2JW4GH7', 'Shane', 'Cousans', 'Cousans', '6970 Randi Road', '252', '6033', 'Lansing', ' Sonora', '12:00', '16:00', '2024-09-07', '12848.00');

-- fabricate-flush


INSERT INTO personalMedico (rfc, nombre, apellidoPaterno, apellidoMaterno, calle, numInterior, numExterior, colonia, estado, horaInicio, horaFinal, fechaAsistencia, salario) VALUES
('APQ4FO10144HW', 'Toby', 'Driffill', 'Driffill', '4374 Poppy Circle', '54', '153', 'Montgomery', ' San Luis Potosí', '08:00', '12:00', '2024-08-08', '57650.25'),
('QJP2FPZ9X1DL4', 'Felicle', 'Harnor', 'Harnor', '9227 Jubilee Court', '530', '874', 'Washington', ' Quintana Roo', '08:00', '12:00', '2025-03-14', '51229.16'),
('JEFBEZYCZMAYJ', 'Georas', 'Shovelin', 'Shovelin', '9717 Umland Lane', '40', '617', 'Texarkana', ' Tabasco', '12:00', '16:00', '2025-03-25', '62217.13'),
('NTFEP4IQP3FTL', 'Shanta', 'Greatbanks', 'Greatbanks', '7139 Silverstreet Way', '519', '843', 'Green Bay', ' Chihuahua', '12:00', '16:00', '2025-01-30', '47637.52'),
('R4VJ5Y7LUPAMQ', 'Blanche', 'Orleton', 'Orleton', '130 Tain Terrace', '394', '156', 'Juneau', ' Durango', '12:00', '16:00', '2024-11-15', '44247.83'),
('6240TZ2DEJAIQ', 'Stephie', 'Boissier', 'Boissier', '9148 Harvey Lane', '894', '12', 'New York City', ' Estado de México', '12:00', '16:00', '2024-06-06', '51704.88'),
('LJLKW8C8NWPVU', 'Inna', 'Rabidge', 'Rabidge', '5829 Reedy Creek Place', '882', '973', 'Jackson', ' San Luis Potosí', '12:00', '16:00', '2024-07-04', '49065.20'),
('E7UWGFI4CRC6U', 'Herc', 'Dorie', 'Dorie', '741 Duncan Drive', '501', '264', 'Austin', ' Coahuila', '12:00', '16:00', '2025-03-08', '45003.42'),
('OLWWKODDVKT8I', 'Hyatt', 'Skayman', 'Skayman', '11112 Horton Terrace', '49', '751', 'York', ' Zacatecas', '12:00', '16:00', '2024-07-17', '46570.24'),
('5NCFAK6QHIEKN', 'Victoir', 'Seawell', 'Seawell', '7492 Mead Place', '162', '470', 'Garland', ' Baja California', '12:00', '16:00', '2025-03-14', '53911.72'),
('A9DLP1JLOF4IR', 'Jessee', 'Metham', 'Metham', '11759 Mansfield Street', '979', '283', 'Louisville', ' Colima', '12:00', '16:00', '2024-05-14', '56680.12'),
('M18OLDWEPP971', 'Cullin', 'Joron', 'Joron', '1724 Roseapple Avenue', '500', '248', 'San Jose', ' Colima', '12:00', '16:00', '2024-05-26', '46017.67'),
('21CBBTBG06EXD', 'Dayle', 'Presslee', 'Presslee', '2116 Abdella Way', '646', '801', 'Saint Paul', 'Aguascalientes', '12:00', '16:00', '2024-12-08', '40864.68'),
('RDYK55MLXUO8Y', 'Roana', 'Brauner', 'Brauner', '11428 Everwood Court', '548', '502', 'New York City', ' Guerrero', '12:00', '16:00', '2025-01-24', '48336.08'),
('NJ040QPAEIJK0', 'Raven', 'Allenson', 'Allenson', '8158 Teasdale Terrace', '204', '754', 'Washington', 'Aguascalientes', '12:00', '16:00', '2024-09-29', '51981.86'),
('VXDE155EU928M', 'Tobe', 'MacDermid', 'MacDermid', '14597 Evelynton Loop', '705', '827', 'Chicago', ' Chiapas', '08:00', '12:00', '2024-06-13', '44925.05'),
('TVOOGACD6XRKY', 'Roderick', 'Moodycliffe', 'Moodycliffe', '10944 Kempton Place', '913', '307', 'Washington', ' Veracruz', '08:00', '12:00', '2024-04-29', '61631.46'),
('ESX9VNS73JCDT', 'Phil', 'Leeming', 'Leeming', '860 Tupelo Terrace', '1', '395', 'Fort Lauderdale', ' Ciudad de México', '12:00', '16:00', '2025-02-28', '61183.71'),
('PKS182G984PCR', 'Druci', 'Gruczka', 'Gruczka', '1449 Nellie Road', '689', '283', 'Fresno', ' Durango', '08:00', '12:00', '2025-02-13', '43343.79'),
('KMKIB6P74P9WO', 'Salim', 'McGaughey', 'McGaughey', '7474 Abney Avenue', '123', '801', 'Pasadena', ' Coahuila', '12:00', '16:00', '2024-10-02', '49050.57'),
('3PBGYJ2S5TT7W', 'Colas', 'Wipper', 'Wipper', '2506 Bosie Run', '282', '976', 'Detroit', ' Chihuahua', '12:00', '16:00', '2024-06-25', '53316.36'),
('TCTDOVIH3D4QL', 'Alfons', 'Inderwick', 'Inderwick', '7143 Deuberry Terrace', '420', '613', 'Melbourne', ' San Luis Potosí', '12:00', '16:00', '2025-04-14', '61030.75'),
('WXX0G1GGIQE22', 'Ambrosi', 'Besemer', 'Besemer', '2857 Hardrick Place', '639', '77', 'New Orleans', ' Oaxaca', '12:00', '16:00', '2024-07-23', '56817.94'),
('P4XLNEZ2T2T3J', 'Ethe', 'Cadman', 'Cadman', '14461 Eastover Terrace', '904', '353', 'Austin', ' Morelos', '08:00', '12:00', '2024-08-31', '50017.56'),
('EURKB4T2M0DZG', 'Sutton', 'Cleugh', 'Cleugh', '3435 Hillcrest Drive', '45', '491', 'Mesa', ' Estado de México', '12:00', '16:00', '2024-10-12', '45874.73'),
('DPX0NYCOLLA1C', 'Jo-ann', 'Tustin', 'Tustin', '9847 Mary Loop', '590', '158', 'Richmond', ' Baja California Sur', '12:00', '16:00', '2025-04-11', '44770.82'),
('A6XP2FGXQD5D7', 'Rachel', 'Delia', 'Delia', '3807 Chris Corley Loop', '652', '406', 'San Francisco', ' Sonora', '12:00', '16:00', '2024-08-01', '60236.23'),
('OBYVS7XWBAZ17', 'Joby', 'Gowers', 'Gowers', '8531 Red Hill Road', '797', '999', 'Seattle', ' Colima', '08:00', '12:00', '2024-08-01', '43886.58'),
('JXDC04AKS2GEC', 'Cherey', 'Sapauton', 'Sapauton', '13286 Juanita Court', '265', '517', 'New York City', ' Tlaxcala', '12:00', '16:00', '2024-07-16', '49840.36'),
('WYMTHS4FVEIB1', 'Elisha', 'Dumblton', 'Dumblton', '7011 Mincey Loop', '529', '475', 'Reading', ' Zacatecas', '08:00', '12:00', '2025-01-25', '56444.03'),
('S5QSBHRWC378K', 'Claretta', 'Blaine', 'Blaine', '10604 Hillard Lane', '908', '950', 'Hayward', ' Nayarit', '12:00', '16:00', '2024-08-15', '54787.48'),
('UMH3RQCMWBC9H', 'Alys', 'Insoll', 'Insoll', '4192 Judith Lane', '332', '241', 'Houston', ' Tamaulipas', '08:00', '12:00', '2025-01-19', '46320.89'),
('AEDDA1CFPOMPV', 'Otis', 'Achrameev', 'Achrameev', '8300 Luraville Road', '446', '874', 'El Paso', ' Sinaloa', '12:00', '16:00', '2024-04-26', '45100.70'),
('9WP2OOCF45IZY', 'Susanne', 'Benardeau', 'Benardeau', '7264 Crane Doran Place', '412', '818', 'Amarillo', ' Tamaulipas', '08:00', '12:00', '2025-01-28', '47905.19'),
('BA38DW9TVVWPL', 'Edouard', 'Bye', 'Bye', '12799 Mott Street', '515', '846', 'Madison', ' Jalisco', '08:00', '12:00', '2025-03-25', '41022.54'),
('XKA0YZ660CBN1', 'Mead', 'Scholes', 'Scholes', '12599 Zanzibar Place', '376', '418', 'Miami', ' Veracruz', '08:00', '12:00', '2024-05-24', '57497.67'),
('YQ6O85KZXF2QB', 'Drusie', 'Doorbar', 'Doorbar', '13148 Mission Hills Trail', '416', '696', 'Lincoln', ' Baja California Sur', '08:00', '12:00', '2024-06-11', '57038.55'),
('3REB1DG6IU5LL', 'Georgianna', 'Aucoate', 'Aucoate', '11037 Bayhill Court', '117', '202', 'Shreveport', ' Guanajuato', '16:00', '20:00', '2025-01-21', '54928.69'),
('5I04HHI3D1X39', 'Bianka', 'Taggert', 'Taggert', '8083 Whitten Terrace', '176', '959', 'Duluth', ' Tabasco', '08:00', '12:00', '2025-02-26', '53013.21'),
('TBMFV662ULH3J', 'Basil', 'Ruckman', 'Ruckman', '5976 Pacillo Place', '719', '126', 'Huntington', ' Ciudad de México', '16:00', '20:00', '2024-10-17', '52089.77'),
('GY52YVIP9B3EP', 'Araldo', 'Bole', 'Bole', '13292 Dyals Court', '153', '176', 'Shawnee Mission', ' Chihuahua', '16:00', '20:00', '2024-07-26', '59659.34'),
('F4ZLGD583UUAR', 'Dorothea', 'Fillgate', 'Fillgate', '4293 Cichielo Court', '778', '553', 'Yonkers', ' Querétaro', '16:00', '20:00', '2024-10-25', '40917.58'),
('ZS2B1P0GX2NVI', 'Paige', 'Marns', 'Marns', '7893 Layton Terrace', '390', '14', 'Honolulu', ' Hidalgo', '16:00', '20:00', '2024-06-21', '55720.99'),
('OMUSGO4VMT6DN', 'Dierdre', 'Oade', 'Oade', '9468 Lisbon Lane', '80', '897', 'Albany', ' Campeche', '08:00', '12:00', '2024-06-22', '39928.72'),
('107PSIOFSW4X7', 'Reynard', 'Patsall', 'Patsall', '13431 Jordan Street', '328', '776', 'Arlington', ' Puebla', '16:00', '20:00', '2024-07-29', '45386.77'),
('RMRMGWDO82J3C', 'Ellynn', 'Childes', 'Childes', '6188 Foggy Brook Loop', '282', '724', 'Littleton', ' Baja California Sur', '08:00', '12:00', '2025-02-26', '44721.99'),
('IX06JA7ME4OX8', 'Florentia', 'Crombie', 'Crombie', '9629 Thorne Path', '416', '205', 'Aiken', ' Morelos', '08:00', '12:00', '2024-11-28', '43626.20'),
('SZ3CR14DFG8AW', 'Zachery', 'Stocking', 'Stocking', '13139 Deauville Court', '34', '210', 'Laurel', ' Zacatecas', '16:00', '20:00', '2024-11-17', '59603.62'),
('6IQBXGPXTANLD', 'Kora', 'Fancutt', 'Fancutt', '12119 Tisbury Avenue', '214', '678', 'Birmingham', ' Chiapas', '16:00', '20:00', '2025-04-19', '47404.55'),
('GBGK4RNV0LEAE', 'Brandea', 'Murra', 'Murra', '12178 Alcade Place', '909', '657', 'Buffalo', ' Oaxaca', '08:00', '12:00', '2025-04-24', '50952.24'),
('RCF52JDM1L9NH', 'Poul', 'Trudgeon', 'Trudgeon', '4676 Duxbury Lane', '611', '133', 'Trenton', ' Nuevo León', '08:00', '12:00', '2025-03-30', '44860.96'),
('22UO7GGIFPE4M', 'Con', 'Boness', 'Boness', '13757 Nursery Place', '132', '478', 'Springfield', ' Nuevo León', '08:00', '12:00', '2024-12-31', '40120.30'),
('JDW9WWYNW8U4I', 'Consuelo', 'Fransseni', 'Fransseni', '13449 Woodbridge Way', '643', '723', 'Maple Plain', ' Coahuila', '16:00', '20:00', '2025-01-24', '57064.33'),
('RB8G8DEPZAC7Z', 'Lorettalorna', 'Hawtrey', 'Hawtrey', '8430 Clymer Court', '505', '313', 'Billings', ' Guerrero', '16:00', '20:00', '2025-02-06', '56585.67'),
('98N5B3GIYE61I', 'Cissiee', 'Sivills', 'Sivills', '9627 Hildalgo Drive', '121', '686', 'Pittsburgh', ' Jalisco', '08:00', '12:00', '2024-07-26', '56204.47'),
('EF20JMCKA3HK0', 'Colman', 'Haughton', 'Haughton', '6830 Hames Lane', '261', '813', 'Tacoma', ' Sonora', '16:00', '20:00', '2024-09-19', '52253.40'),
('8O9LWS9FS213X', 'Ernest', 'Mudle', 'Mudle', '13228 Sharon Drive', '414', '581', 'Buffalo', ' Hidalgo', '16:00', '20:00', '2025-02-06', '55630.18'),
('8Q81578CHV7NQ', 'Vasilis', 'Stitch', 'Stitch', '5911 Dipper Loop', '828', '180', 'Minneapolis', ' Campeche', '16:00', '20:00', '2024-06-12', '46961.42'),
('SE2K14MRDGC5C', 'Kali', 'Doiley', 'Doiley', '3473 Bottlebrush Street', '341', '947', 'Fort Smith', ' Yucatán', '16:00', '20:00', '2024-08-20', '41650.38'),
('UQND03A7HZZDY', 'Lila', 'Terry', 'Terry', '4112 Broxton Place', '835', '554', 'Houston', ' Ciudad de México', '16:00', '20:00', '2024-04-29', '54324.39'),
('ALM50ILWAXT03', 'Wyatan', 'Bushell', 'Bushell', '12564 Pelchat Place', '286', '183', 'Norfolk', ' Durango', '16:00', '20:00', '2025-02-03', '37683.97'),
('X7UBK8TXKEFZP', 'Berrie', 'Teodoro', 'Teodoro', '13716 Hollyhock Way', '256', '137', 'Huntington Beach', ' Chiapas', '16:00', '20:00', '2024-08-23', '52462.40'),
('OQLZIBG7CQ7DN', 'Heddie', 'Teggin', 'Teggin', '9166 Rees Place', '7', '493', 'Rochester', ' Guanajuato', '16:00', '20:00', '2024-09-18', '46816.43'),
('HN4HUJW6ZY0SO', 'Sorcha', 'Burless', 'Burless', '8177 St. Andrews Blvd.', '20', '266', 'Topeka', ' Baja California', '16:00', '20:00', '2024-09-11', '43285.11'),
('HEIR011OCYJAE', 'Belinda', 'Seligson', 'Seligson', '6852 Irdell Avenue', '882', '720', 'Lubbock', ' Sinaloa', '16:00', '20:00', '2024-05-25', '41838.90'),
('LRQIPT0TT2PYB', 'Melania', 'Muggach', 'Muggach', '11127 Belmont Place', '567', '527', 'Oklahoma City', ' Durango', '16:00', '20:00', '2025-01-30', '60298.52'),
('8JL1C9UMCBXE7', 'Denis', 'Goodban', 'Goodban', '9925 Kathleen Lane', '772', '84', 'Naples', ' Guanajuato', '16:00', '20:00', '2024-12-16', '61295.97'),
('DUMZ4GSCF2KYT', 'Arri', 'Escalero', 'Escalero', '7218 Sadie Avenue', '935', '407', 'Tyler', ' Campeche', '16:00', '20:00', '2024-05-30', '38969.27'),
('ODUFVPIHMT6MQ', 'Lawrence', 'Maffeo', 'Maffeo', '4532 Mott Street', '1', '299', 'Washington', ' Puebla', '16:00', '20:00', '2024-05-01', '53668.17'),
('M78VL45CXXV66', 'Phoebe', 'Pavlenko', 'Pavlenko', '10314 Arteaga Way', '466', '217', 'Atlanta', ' Querétaro', '16:00', '20:00', '2024-08-17', '55503.88'),
('CZDVBS14D0RRR', 'Alta', 'Mallabon', 'Mallabon', '2440 Glenwood Place', '796', '875', 'Saint Louis', ' Estado de México', '16:00', '20:00', '2024-10-12', '45665.36'),
('8REO6KFBIMAHW', 'Melli', 'Jurek', 'Jurek', '4763 Beauclair Place', '359', '66', 'Watertown', ' Puebla', '16:00', '20:00', '2024-05-08', '58238.05'),
('QB54BHTR6PG2P', 'Torin', 'Worge', 'Worge', '90 Burgess Drive', '521', '24', 'Hialeah', ' Tlaxcala', '16:00', '20:00', '2024-07-06', '53019.84'),
('BJC72E3BEFBT6', 'Shane', 'Cousans', 'Cousans', '6970 Randi Road', '707', '811', 'Lansing', ' Sonora', '16:00', '20:00', '2025-02-04', '61149.20'),
('BU3NAY62DWS0L', 'Conchita', 'Sherringham', 'Sherringham', '4152 Drayton Place', '247', '698', 'Los Angeles', ' Baja California', '16:00', '20:00', '2025-02-04', '47306.93'),
('MY1H0TSOTUSZ5', 'Troy', 'Copas', 'Copas', '11162 Cancun Court', '258', '88', 'Plano', ' Oaxaca', '16:00', '20:00', '2024-07-24', '49271.03'),
('AC35ZTTMDPL62', 'Herschel', 'Gianasi', 'Gianasi', '8187 Rockingham Road', '407', '13', 'Hampton', ' Michoacán', '16:00', '20:00', '2025-02-22', '47480.79'),
('FANH8ZF0LMQWO', 'Emmet', 'Aujouanet', 'Aujouanet', '8128 Ely Circle', '371', '298', 'Las Vegas', ' Yucatán', '16:00', '20:00', '2024-09-07', '47588.30'),
('4I9D25IYE8DP2', 'Hilario', 'Hitscher', 'Hitscher', '6001 Doris Court', '291', '303', 'San Francisco', ' Sinaloa', '16:00', '20:00', '2024-10-04', '59695.37'),
('6FZ7YIQ94ZMOK', 'Goddart', 'Easterling', 'Easterling', '13809 Rio Grande Avenue', '564', '449', 'Oakland', ' Tabasco', '16:00', '20:00', '2024-06-20', '45245.55'),
('8V21I9Z37SJ1U', 'Jeremie', 'Filmer', 'Filmer', '10019 Loadstar Avenue', '904', '211', 'Springfield', ' Nuevo León', '16:00', '20:00', '2024-07-18', '61970.05'),
('8GI55Q2Q70PVS', 'June', 'Fine', 'Fine', '6695 Newcastle Avenue', '37', '247', 'Virginia Beach', ' Michoacán', '16:00', '20:00', '2024-10-13', '40448.36'),
('J3IIXMRZMOM1F', 'Arlie', 'Muscat', 'Muscat', '9921 Birchbrook Avenue', '63', '825', 'Houston', ' Quintana Roo', '16:00', '20:00', '2024-05-03', '37892.78'),
('WDR9D1TL6GDAZ', 'Antony', 'Baradel', 'Baradel', '4600 Karen Perkins Street', '833', '479', 'Baltimore', ' Tamaulipas', '16:00', '20:00', '2024-12-19', '45677.85'),
('Q87X6PKQTMAEG', 'Bobbe', 'Dene', 'Dene', '8231 Inverness Place', '705', '923', 'Alexandria', ' Quintana Roo', '16:00', '20:00', '2024-09-04', '59182.03'),
('66G47HBPJPB8V', 'Debee', 'Baysting', 'Baysting', '10131 Tremont Street', '184', '697', 'Oakland', ' Veracruz', '16:00', '20:00', '2024-06-13', '58743.81'),
('YMZ4LIS1TLBD5', 'Moishe', 'Stallworth', 'Stallworth', '12086 San Fernando Drive', '256', '820', 'Phoenix', ' Coahuila', '16:00', '20:00', '2024-11-20', '52899.79'),
('BPCJR63SIAUXX', 'Valry', 'Ewols', 'Ewols', '9270 Merrit Lane', '771', '532', 'Wilkes Barre', ' Yucatán', '16:00', '20:00', '2024-05-13', '39108.51'),
('HP4KL8EQC62ZX', 'Casey', 'Danilchik', 'Danilchik', '3397 Dunbar Avenue', '84', '773', 'Memphis', ' Tlaxcala', '16:00', '20:00', '2024-05-23', '60513.61'),
('X0PVG6WWNOKEM', 'Drona', 'Garlant', 'Garlant', '12589 Knowlton Avenue', '420', '164', 'Savannah', ' Morelos', '16:00', '20:00', '2024-06-12', '47557.51'),
('IMODKO4GBXU8I', 'Brendin', 'Moult', 'Moult', '10826 Mustart Court', '680', '18', 'Newton', ' Guerrero', '16:00', '20:00', '2025-02-18', '56678.40'),
('EFQ4C0W7SQODS', 'Meade', 'Dewett', 'Dewett', '906 Salmon Way', '379', '520', 'Norwalk', ' Nayarit', '16:00', '20:00', '2024-05-04', '43809.00'),
('J8CR7BOHKDTL0', 'Sidoney', 'Hachard', 'Hachard', '6340 Jonesville Terrace', '622', '867', 'Charlotte', ' Nayarit', '16:00', '20:00', '2024-06-16', '46509.09'),
('BXOMJCCTRZ2LA', 'Salomone', 'Feaks', 'Feaks', '2185 Ortez Lane', '473', '56', 'Charlotte', ' Chiapas', '16:00', '20:00', '2024-10-15', '46846.35'),
('XMANK2UIYI5RQ', 'Vivian', 'D''eathe', 'D''eathe', '4114 Antonia Lane', '994', '400', 'Milwaukee', ' Querétaro', '16:00', '20:00', '2024-05-03', '50631.50'),
('4SFW76P1LCQYP', 'Gasper', 'Waeland', 'Waeland', '10509 Patrick Place', '23', '21', 'Colorado Springs', ' Hidalgo', '16:00', '20:00', '2024-07-19', '45469.78'),
('R2AR78DQIM2T7', 'Kalina', 'Fewkes', 'Fewkes', '3708 San Pedro Drive', '395', '144', 'Hamilton', ' Jalisco', '16:00', '20:00', '2025-02-07', '46163.85'),
('KBYJNGICIZUBS', 'Chip', 'Dowse', 'Dowse', '9331 Ashford Avenue', '634', '430', 'Syracuse', ' Michoacán', '16:00', '20:00', '2024-07-13', '46626.81'),
('GAE7JDNZ86RA6', 'Der', 'Skarman', 'Skarman', '11266 Carla Fink Court', '699', '575', 'Colorado Springs', 'Aguascalientes', '16:00', '20:00', '2024-12-06', '47091.63'),
('KI8LLLE7YNQES', 'Lance', 'Shortell', 'Shortell', '2327 Eldra Loop', '465', '364', 'Paterson', ' Campeche', '16:00', '20:00', '2024-09-14', '52477.45');


-- fabricate-flush


INSERT INTO personalSeguridad (rfc, nombre, apellidoPaterno, apellidoMaterno, calle, numInterior, numExterior, colonia, estado, horaInicio, horaFinal, fechaAsistencia, salario) VALUES
('EILI618098Y06', 'Heddie', 'Teggin', 'Teggin', '19 Tanglewood Place', '784', '3863', 'El Paso', ' Guanajuato', '12:00', '16:00', '2024-12-29', '30321.24'),
('UGWM205306C1X', 'Rachel', 'Delia', 'Delia', '11867 Karen Garner Place', '46', '3075', 'Dallas', ' Sonora', '16:00', '20:00', '2024-08-10', '41244.52'),
('WNJL60957933G', 'Shanta', 'Greatbanks', 'Greatbanks', '2767 Kilcrease Loop', '772', '5478', 'Dallas', ' Chihuahua', '12:00', '16:00', '2025-04-22', '32605.48'),
('ZTBR987422E77', 'Drona', 'Garlant', 'Garlant', '13415 Walters Court', '383', '8578', 'Homestead', ' Morelos', '12:00', '16:00', '2024-12-08', '31253.67'),
('IKRG572001FJW', 'Ambrosi', 'Besemer', 'Besemer', '11081 Olanta Drive', '547', '4763', 'Bonita Springs', ' Oaxaca', '08:00', '12:00', '2025-01-30', '28027.60'),
('PQWZ417461OQT', 'Basil', 'Ruckman', 'Ruckman', '12271 Diaz Lane', '538', '6716', 'Chicago', ' Ciudad de México', '12:00', '16:00', '2025-04-16', '27646.74'),
('TFHK475360ION', 'Con', 'Boness', 'Boness', '13077 Black Water Drive', '411', '8779', 'Nashville', ' Nuevo León', '08:00', '12:00', '2024-05-30', '38189.97'),
('JBRD989471TLH', 'Otis', 'Achrameev', 'Achrameev', '2560 Sharpin Street', '12', '9545', 'Evanston', ' Sinaloa', '16:00', '20:00', '2024-10-28', '41912.02'),
('XDDU011495YA8', 'Dayle', 'Presslee', 'Presslee', '13934 Farmington Avenue', '422', '3205', 'Winston Salem', 'Aguascalientes', '12:00', '16:00', '2024-05-13', '42681.78'),
('KCCF527445VGL', 'Drusie', 'Doorbar', 'Doorbar', '13977 Navin Street', '634', '5000', 'Washington', ' Baja California Sur', '16:00', '20:00', '2025-04-23', '29832.53'),
('UNTB333747LJJ', 'Moishe', 'Stallworth', 'Stallworth', '3854 Maplewood Court', '560', '7708', 'Fort Myers', ' Coahuila', '16:00', '20:00', '2024-05-10', '33598.89'),
('ORFC724768R4V', 'Salomone', 'Feaks', 'Feaks', '158 Cote Loop', '493', '8876', 'Dallas', ' Chiapas', '16:00', '20:00', '2024-12-06', '26901.16'),
('YXPA672429B7X', 'Kalina', 'Fewkes', 'Fewkes', '8058 Velvet Place', '992', '1728', 'Kansas City', ' Jalisco', '08:00', '12:00', '2025-01-17', '35462.37'),
('VIEZ570257DEA', 'Bobbe', 'Dene', 'Dene', '12926 Xanadu Loop', '784', '842', 'Spartanburg', ' Quintana Roo', '08:00', '12:00', '2025-03-13', '42587.78'),
('NSBB79736382Y', 'Meade', 'Dewett', 'Dewett', '12331 Ultra Court', '979', '585', 'New York City', ' Nayarit', '08:00', '12:00', '2025-04-10', '27675.16'),
('KLVA264343F2K', 'Colman', 'Haughton', 'Haughton', '11609 Rogers Road', '743', '3261', 'Hyattsville', ' Sonora', '08:00', '12:00', '2024-08-15', '32699.09'),
('XLDK335535805', 'Vivian', 'D''eathe', 'D''eathe', '10185 Groesser Place', '762', '7432', 'Washington', ' Querétaro', '08:00', '12:00', '2024-05-23', '37264.53'),
('XRWI326329C5Z', 'Jo-ann', 'Tustin', 'Tustin', '2351 Tangerine Drive', '667', '9128', 'Washington', ' Baja California Sur', '08:00', '12:00', '2024-12-10', '35885.92'),
('NYNY798012YDR', 'Alta', 'Mallabon', 'Mallabon', '5968 Burgett Court', '778', '1647', 'Waterbury', ' Estado de México', '08:00', '12:00', '2025-01-01', '41529.55'),
('WUDN843764OA7', 'Claretta', 'Blaine', 'Blaine', '4275 Mincey Loop', '47', '7358', 'Atlanta', ' Nayarit', '08:00', '12:00', '2024-11-29', '37354.74'),
('BKAL999730FQT', 'Cullin', 'Joron', 'Joron', '6102 Duarte Lane', '919', '2473', 'Jacksonville', ' Colima', '08:00', '12:00', '2025-02-19', '32190.43'),
('HGTH670964BVJ', 'Conchita', 'Sherringham', 'Sherringham', '12581 Guerard Avenue', '93', '3900', 'Lancaster', ' Baja California', '08:00', '12:00', '2025-02-08', '41687.42'),
('FYXU547839Q5J', 'Consuelo', 'Fransseni', 'Fransseni', '1319 Trout Court', '814', '2491', 'Reno', ' Coahuila', '08:00', '12:00', '2024-09-19', '26969.78'),
('IQQO989861J8P', 'Melania', 'Muggach', 'Muggach', '1535 Parksville Path', '825', '4498', 'Missoula', ' Durango', '08:00', '12:00', '2025-03-25', '36349.35'),
('PNTO008535KY8', 'Cissiee', 'Sivills', 'Sivills', '14848 Oldwick Terrace', '765', '7994', 'Dallas', ' Jalisco', '08:00', '12:00', '2024-10-01', '43448.00'),
('JKCR7060784ZC', 'Sutton', 'Cleugh', 'Cleugh', '4399 Lantana Avenue', '804', '998', 'Charlottesville', ' Estado de México', '08:00', '12:00', '2024-09-11', '29791.77'),
('WMMQ393648K8L', 'Emmet', 'Aujouanet', 'Aujouanet', '1305 Firefly Court', '255', '5119', 'Charlotte', ' Yucatán', '08:00', '12:00', '2024-12-02', '28756.63'),
('ERFT259849WIO', 'Lawrence', 'Maffeo', 'Maffeo', '7691 Countrywind Court', '18', '6089', 'Erie', ' Puebla', '08:00', '12:00', '2025-03-18', '27018.83'),
('XHBN311863RT2', 'Antony', 'Baradel', 'Baradel', '5859 Lazy Acres Lane', '84', '9931', 'Fort Wayne', ' Tamaulipas', '08:00', '12:00', '2024-05-08', '32796.54'),
('MXNJ7426839Q0', 'Herschel', 'Gianasi', 'Gianasi', '9754 Ipswitch Street', '546', '4246', 'New York City', ' Michoacán', '08:00', '12:00', '2025-03-12', '26929.05'),
('QYDY672663ZHL', 'Salim', 'McGaughey', 'McGaughey', '2806 Creighton Loop', '299', '647', 'Herndon', ' Coahuila', '08:00', '12:00', '2024-05-22', '43595.49'),
('XHUM810896V3A', 'Sorcha', 'Burless', 'Burless', '9490 Abbey Way', '577', '4816', 'Maple Plain', ' Baja California', '08:00', '12:00', '2024-12-24', '36079.34'),
('VFPO064277I7F', 'Lance', 'Shortell', 'Shortell', '4372 Mauldin Place', '728', '1869', 'Albany', ' Campeche', '08:00', '12:00', '2024-11-07', '41653.03'),
('MHWK641295UD7', 'Wyatan', 'Bushell', 'Bushell', '14779 Darby Place', '358', '7921', 'Bethesda', ' Durango', '08:00', '12:00', '2024-11-28', '36422.25'),
('PRUY8343060UN', 'Blanche', 'Orleton', 'Orleton', '10360 Dixon Lane', '537', '8452', 'Lexington', ' Durango', '16:00', '20:00', '2024-10-19', '40418.71'),
('FRAM961995HH0', 'Raven', 'Allenson', 'Allenson', '6776 Olivarez Way', '42', '5300', 'Whittier', 'Aguascalientes', '12:00', '16:00', '2024-07-03', '39965.21'),
('ARXL682013FFI', 'Zachery', 'Stocking', 'Stocking', '8763 Hancock Street', '697', '305', 'Portland', ' Zacatecas', '16:00', '20:00', '2024-09-02', '30735.97'),
('XLRF6369903QA', 'Joby', 'Gowers', 'Gowers', '2016 McLucas Lane', '829', '4015', 'Ann Arbor', ' Colima', '16:00', '20:00', '2024-08-20', '39788.25'),
('IYJV616570I6P', 'Colas', 'Wipper', 'Wipper', '11732 Catalina Court', '807', '6481', 'Charleston', ' Chihuahua', '16:00', '20:00', '2024-04-30', '28524.20'),
('GLLF760785YC4', 'Susanne', 'Benardeau', 'Benardeau', '14781 Beaumont Terrace', '805', '5544', 'Albany', ' Tamaulipas', '12:00', '16:00', '2024-07-04', '30149.17'),
('HDRH176867ZXM', 'Ethe', 'Cadman', 'Cadman', '8022 Maddie Terrace', '21', '7538', 'Portland', ' Morelos', '12:00', '16:00', '2025-02-16', '29684.08'),
('LZRS967983STF', 'Paige', 'Marns', 'Marns', '10975 Belle Glade Avenue', '562', '1382', 'Saint Louis', ' Hidalgo', '12:00', '16:00', '2024-12-09', '40842.04'),
('KZMO719535G73', 'Victoir', 'Seawell', 'Seawell', '9192 Campobello Terrace', '625', '2652', 'New Hyde Park', ' Baja California', '16:00', '20:00', '2024-08-07', '26404.01'),
('AXCT017941L66', 'Roderick', 'Moodycliffe', 'Moodycliffe', '6659 Chapelwood Circle', '73', '9562', 'Harrisburg', ' Veracruz', '12:00', '16:00', '2024-07-09', '35874.52'),
('HAEJ055411YJK', 'Dierdre', 'Oade', 'Oade', '8908 Montclair Lane', '873', '6585', 'Long Beach', ' Campeche', '12:00', '16:00', '2024-05-25', '32724.39'),
('HQOW008067WH3', 'Roana', 'Brauner', 'Brauner', '1343 Sunset Pointe Blvd.', '575', '705', 'Grand Rapids', ' Guerrero', '16:00', '20:00', '2025-02-02', '35145.28'),
('WQVB605408PTQ', 'Toby', 'Driffill', 'Driffill', '10869 Carley Loop', '60', '2319', 'Youngstown', ' San Luis Potosí', '12:00', '16:00', '2025-02-20', '29062.04'),
('EYDQ835840MOU', 'June', 'Fine', 'Fine', '6867 Resmondo Road', '420', '7949', 'Schaumburg', ' Michoacán', '12:00', '16:00', '2025-01-28', '31178.26'),
('TGQB663270QGZ', 'Reynard', 'Patsall', 'Patsall', '7017 Fish Camp Road', '611', '1687', 'San Jose', ' Puebla', '12:00', '16:00', '2025-03-20', '26976.84'),
('BDBE822501MW7', 'Phil', 'Leeming', 'Leeming', '6976 Margarita Drive', '434', '6505', 'Kansas City', ' Ciudad de México', '16:00', '20:00', '2024-08-22', '38490.01'),
('SIMY303872KUN', 'Hilario', 'Hitscher', 'Hitscher', '2093 Haley Avenue', '727', '4006', 'Jamaica', ' Sinaloa', '08:00', '12:00', '2025-03-07', '40271.23'),
('PMBL1893811NA', 'Tobe', 'MacDermid', 'MacDermid', '2298 Calvert Terrace', '752', '9086', 'Boston', ' Chiapas', '16:00', '20:00', '2025-03-11', '30282.21'),
('UUGC032050RFS', 'Elisha', 'Dumblton', 'Dumblton', '8102 Kaley Court', '969', '7309', 'Milwaukee', ' Zacatecas', '16:00', '20:00', '2024-07-03', '37079.39'),
('OLZT378940LSA', 'Vasilis', 'Stitch', 'Stitch', '9139 Flintshire Avenue', '740', '5214', 'Denver', ' Campeche', '12:00', '16:00', '2024-12-03', '43724.23'),
('EAFX131800IBX', 'Lila', 'Terry', 'Terry', '291 Downey Lane', '639', '7402', 'Wichita Falls', ' Ciudad de México', '16:00', '20:00', '2025-04-25', '39145.20'),
('RMDN4930540IM', 'Belinda', 'Seligson', 'Seligson', '2903 Joyce Hughes Way', '95', '1673', 'Houston', ' Sinaloa', '16:00', '20:00', '2024-10-20', '38598.03'),
('TTXF0019146HG', 'Kali', 'Doiley', 'Doiley', '13089 Linley Loop', '612', '3025', 'Fayetteville', ' Yucatán', '12:00', '16:00', '2025-03-18', '30559.80'),
('RPSB0338442PP', 'Goddart', 'Easterling', 'Easterling', '3984 Adamsville Avenue', '476', '1707', 'Norcross', ' Tabasco', '16:00', '20:00', '2024-05-15', '26933.55'),
('LPRJ4421293Q0', 'Ellynn', 'Childes', 'Childes', '2306 Ventura Drive', '103', '3671', 'Little Rock', ' Baja California Sur', '16:00', '20:00', '2024-07-06', '29237.72'),
('ACQI958764CNQ', 'Alys', 'Insoll', 'Insoll', '10154 Avignon Terrace', '728', '9872', 'El Paso', ' Tamaulipas', '08:00', '12:00', '2024-10-11', '37748.48'),
('PNTA0502785SF', 'Brandea', 'Murra', 'Murra', '8019 Storms Avenue', '529', '2134', 'Topeka', ' Oaxaca', '16:00', '20:00', '2024-11-20', '30463.71'),
('URRN580569S88', 'Alfons', 'Inderwick', 'Inderwick', '2647 Chantel Court', '667', '613', 'Provo', ' San Luis Potosí', '16:00', '20:00', '2024-07-16', '33859.10'),
('RCOI7919788AJ', 'Georas', 'Shovelin', 'Shovelin', '14831 Stonebrook Lane', '102', '7414', 'Saint Petersburg', ' Tabasco', '16:00', '20:00', '2025-03-02', '38388.41'),
('DSOM17750348K', 'Kora', 'Fancutt', 'Fancutt', '3956 Swansea Terrace', '843', '9803', 'Cleveland', ' Chiapas', '16:00', '20:00', '2025-02-27', '41939.56'),
('DOJH5042874PF', 'Herc', 'Dorie', 'Dorie', '9286 Beecher Path', '453', '5016', 'Jackson', ' Coahuila', '16:00', '20:00', '2024-07-14', '41959.75'),
('VYVF188330KAP', 'Cherey', 'Sapauton', 'Sapauton', '14788 Cedar Key Lane', '339', '2394', 'San Diego', ' Tlaxcala', '16:00', '20:00', '2024-11-23', '37612.73'),
('LQSC398640V9G', 'Georgianna', 'Aucoate', 'Aucoate', '532 Junction Place', '762', '9942', 'Milwaukee', ' Guanajuato', '16:00', '20:00', '2024-05-08', '29606.60'),
('CDGG451471HVG', 'Shane', 'Cousans', 'Cousans', '7058 Causey Court', '751', '326', 'Trenton', ' Sonora', '16:00', '20:00', '2024-06-09', '38312.45'),
('UJHT3466511IT', 'Arlie', 'Muscat', 'Muscat', '8354 Gatlin Place', '386', '2216', 'Jamaica', ' Quintana Roo', '16:00', '20:00', '2025-03-23', '27121.40'),
('COHM168974PXJ', 'Felicle', 'Harnor', 'Harnor', '11625 Lammer Lane', '45', '7680', 'Marietta', ' Quintana Roo', '16:00', '20:00', '2024-08-02', '35292.81'),
('YWKT632479U3R', 'Brendin', 'Moult', 'Moult', '7228 Hickey Way', '773', '9957', 'Lafayette', ' Guerrero', '16:00', '20:00', '2025-02-07', '28832.68'),
('XMXP307679MBB', 'Stephie', 'Boissier', 'Boissier', '7171 Amelia Avenue', '115', '6930', 'Tampa', ' Estado de México', '16:00', '20:00', '2024-07-06', '28572.76'),
('WHTL162188M4O', 'Jeremie', 'Filmer', 'Filmer', '6834 Burtoft Lane', '145', '7295', 'Davenport', ' Nuevo León', '16:00', '20:00', '2024-05-07', '38722.92'),
('PVIF647966518', 'Gasper', 'Waeland', 'Waeland', '1257 Weaver Avenue', '719', '5253', 'Champaign', ' Hidalgo', '16:00', '20:00', '2025-04-16', '26991.01'),
('FCOT6508323LZ', 'Florentia', 'Crombie', 'Crombie', '157 Zeeland Terrace', '46', '4780', 'Albuquerque', ' Morelos', '08:00', '12:00', '2024-06-10', '30985.58'),
('SGOL872051M7U', 'Debee', 'Baysting', 'Baysting', '11920 Oregon Avenue', '799', '5846', 'New York City', ' Veracruz', '16:00', '20:00', '2024-12-22', '34888.52'),
('PBLJ946030RQE', 'Denis', 'Goodban', 'Goodban', '3872 Mccormick Lane', '551', '6781', 'Salt Lake City', ' Guanajuato', '12:00', '16:00', '2025-03-28', '34367.85'),
('MXKU240499BV3', 'Araldo', 'Bole', 'Bole', '10333 Carley Loop', '612', '7051', 'Gilbert', ' Chihuahua', '12:00', '16:00', '2025-03-02', '34374.41'),
('FFQG2317455K8', 'Chip', 'Dowse', 'Dowse', '11465 Kauska Way', '548', '274', 'Washington', ' Michoacán', '16:00', '20:00', '2024-09-20', '40095.85'),
('JEFK980549PAZ', 'Edouard', 'Bye', 'Bye', '47 Pineland Terrace', '306', '3582', 'Lubbock', ' Jalisco', '16:00', '20:00', '2024-09-19', '41462.83'),
('RHRE719147T4Y', 'Der', 'Skarman', 'Skarman', '14101 Stephanie Way', '950', '7206', 'Jackson', 'Aguascalientes', '16:00', '20:00', '2025-03-02', '27810.54'),
('GZXB560906TRK', 'Melli', 'Jurek', 'Jurek', '1217 Amberjack Terrace', '917', '3159', 'Des Moines', ' Puebla', '12:00', '16:00', '2024-09-21', '39435.33'),
('PDTO660881GXM', 'Lorettalorna', 'Hawtrey', 'Hawtrey', '10608 Eastwood Terrace', '718', '1877', 'Jamaica', ' Guerrero', '16:00', '20:00', '2024-08-12', '41399.34'),
('AYPT756048Z63', 'Phoebe', 'Pavlenko', 'Pavlenko', '6912 Balmoral Lane', '70', '8229', 'Van Nuys', ' Querétaro', '12:00', '16:00', '2024-08-19', '42771.83'),
('UNFH8595273E1', 'Casey', 'Danilchik', 'Danilchik', '13793 Hux Court', '19', '5298', 'New Orleans', ' Tlaxcala', '12:00', '16:00', '2024-07-16', '30941.84'),
('HMCN298297K07', 'Jessee', 'Metham', 'Metham', '7280 Crews Court', '149', '2937', 'Saint Petersburg', ' Colima', '16:00', '20:00', '2025-01-26', '43611.73'),
('ECTX148323L9K', 'Troy', 'Copas', 'Copas', '8588 Nielsen Place', '68', '1665', 'Waco', ' Oaxaca', '16:00', '20:00', '2024-07-03', '31171.89'),
('OFVD892845NH5', 'Druci', 'Gruczka', 'Gruczka', '8764 Ida Court', '248', '6771', 'Jacksonville', ' Durango', '12:00', '16:00', '2025-01-17', '35244.78'),
('UTEB513772HR3', 'Inna', 'Rabidge', 'Rabidge', '13812 Davit Place', '379', '3147', 'Inglewood', ' San Luis Potosí', '16:00', '20:00', '2024-09-20', '31091.19'),
('QLQK112647DIH', 'Torin', 'Worge', 'Worge', '11127 Mccray Avenue', '340', '1073', 'Brooklyn', ' Tlaxcala', '12:00', '16:00', '2024-09-15', '41526.23'),
('QAMO010998751', 'Dorothea', 'Fillgate', 'Fillgate', '1294 Vaughn Way', '539', '464', 'Chesapeake', ' Querétaro', '12:00', '16:00', '2024-09-19', '40961.09'),
('BKTV326921PX1', 'Ernest', 'Mudle', 'Mudle', '10519 Bellamy Lane', '373', '8873', 'San Diego', ' Hidalgo', '16:00', '20:00', '2024-07-20', '33757.51'),
('FAZA376792WGH', 'Bianka', 'Taggert', 'Taggert', '6399 Chula Vista Avenue', '337', '8665', 'Boise', ' Tabasco', '08:00', '12:00', '2024-10-21', '39715.12'),
('YJTW9422214ZD', 'Mead', 'Scholes', 'Scholes', '2390 Lucky Lane', '521', '255', 'Minneapolis', ' Veracruz', '08:00', '12:00', '2025-03-23', '42834.50'),
('FFYV0214906IW', 'Hyatt', 'Skayman', 'Skayman', '2691 Ratcliff Way', '30', '2368', 'Battle Creek', ' Zacatecas', '12:00', '16:00', '2025-03-07', '35299.06'),
('SWEC78895877R', 'Arri', 'Escalero', 'Escalero', '4526 Honeyville Lane', '801', '9699', 'Schenectady', ' Campeche', '12:00', '16:00', '2024-05-01', '34157.42'),
('VPNU756400445', 'Berrie', 'Teodoro', 'Teodoro', '8934 Villita Lane', '194', '3691', 'Albuquerque', ' Chiapas', '16:00', '20:00', '2024-11-29', '27803.11'),
('VXGD8639389IJ', 'Sidoney', 'Hachard', 'Hachard', '10585 Annadale Terrace', '86', '9250', 'San Diego', ' Nayarit', '16:00', '20:00', '2024-10-25', '43412.64'),
('WRPG671549KHO', 'Poul', 'Trudgeon', 'Trudgeon', '2334 Matthew Avenue', '843', '6150', 'Cincinnati', ' Nuevo León', '12:00', '16:00', '2024-06-26', '35858.63'),
('VEBT379050FRY', 'Valry', 'Ewols', 'Ewols', '3396 Crane Doran Place', '272', '5506', 'Sacramento', ' Yucatán', '08:00', '12:00', '2024-11-10', '31152.17');


-- fabricate-flush


INSERT INTO correoPersonalLimpieza (rfc, correo) VALUES
('8155V2JFS7AXT', 'reamonn.mackessock@club.fr'),
('H92G1ATTCGY33', 'ariadne.paynton@aol.com'),
('FAULY7B930AU6', 'moshe.skeene@hotmail.com'),
('UINZXN8K458O6', 'cristy.roycroft@live.co.uk'),
('K7W8IPFZ4KWMT', 'ellary.ganning@wanadoo.fr'),
('G3N0JKQD8K1UD', 'legra.fielder@gmx.net'),
('OQ1V3GBIVU8WC', 'olav.klainman@yahoo.com'),
('8QE6229L4VYIO', 'colene.petrus@yahoo.com'),
('DYC1FNS7MNSZJ', 'reinold.quinane@yahoo.com'),
('KY89U8VWPW4I2', 'ange.hallworth@yahoo.com'),
('74ULOUES90XM0', 'leisha.kezar@gmail.com'),
('Z5OKFDVIM27GX', 'care.sheppard@hotmail.com'),
('VSOLROCNMANOB', 'harwilll.coughlin@gmail.com'),
('B9WW9WMGOYQE2', 'tracie.hanna@hotmail.it'),
('N0E3Q1UODO5BD', 'keith.eckery@yahoo.com'),
('Z5JXH10D9L2C2', 'melba.goodlatt@yahoo.com'),
('LQ5322ZJFHDO1', 'del.rochewell@yahoo.com'),
('LLUAGKK89P28O', 'roland.bousler@aol.com'),
('YOIXKDK8IVQHA', 'tilly.lesieur@hotmail.com'),
('WW5UJ0NK6YRH5', 'mata.eatock@rambler.ru'),
('NG72D15ZDHSUD', 'engelbert.lafont@verizon.net'),
('6B6KY6VUI020Q', 'tamas.hyman@gmail.com'),
('HTSGGPBT4SPKM', 'rhody.dougherty@yahoo.com'),
('FY7E58VWQJ2T1', 'cammy.burrage@gmail.com'),
('FU0O8FBZVJBK2', 'dunn.dorian@gmail.com'),
('3N5ROIQHK5NSD', 'chrystel.shenton@gmx.de'),
('A4K1ACWZ6NSLC', 'hinda.ashbridge@msn.com'),
('TPU108XJVNFER', 'teodorico.barnsdale@gmail.com'),
('TXKQJ5LVKHN84', 'cecile.bernat@ig.com.br'),
('CTAPS8WIMR20K', 'adamo.eddleston@gmail.com'),
('ZIM9DW5ITK9RM', 'georgina.storton@hotmail.com'),
('XH7AUXQQPV7V6', 'tabor.atrill@wanadoo.fr'),
('UHHILF57ASGQ2', 'caryl.ugo@windstream.net'),
('4HIMWQA0NHSIC', 'diandra.reinhart@gmail.com'),
('95JLQDJNA0CFJ', 'mirabel.penswick@rediffmail.com'),
('R342EL9NEF0TY', 'jennica.weavers@yahoo.com'),
('82DVOZICAM1UV', 'constantino.orgel@aol.com'),
('C87BSKAN8QGD7', 'oralie.birkby@msn.com'),
('AUEI124I1BVGD', 'tiena.ferre@msn.com'),
('1CK952JMTTO9S', 'lew.macrierie@hotmail.co.uk'),
('TR5QEC8NEV32J', 'raymund.beacham@yahoo.de'),
('UQEDWMQRT6GAF', 'rozelle.travis@yahoo.com'),
('Z616K5FHDD4TV', 'corry.garlee@hotmail.co.uk'),
('B3ZPUM90AQMX4', 'stewart.lamey@aol.com'),
('SAQMDUECICOOC', 'agna.mendus@gmail.com'),
('U9CX5FH43CG8C', 'milli.skippen@hotmail.co.uk'),
('SM0T1PTJW95GG', 'filide.fripps@yahoo.com'),
('3TI8ZTXX1GQYN', 'sherry.parysiak@yahoo.com'),
('NQNYAO2GMNLMM', 'lorene.branscomb@yahoo.com'),
('1ZFQ0PBQBZVRB', 'martyn.paragreen@gmail.com'),
('T30Z6U1MY9NQ5', 'amalita.espy@gmail.com'),
('3T6ZFI29YVZMR', 'wang.pollard@outlook.com'),
('V0BEBSZTDI6LX', 'iosep.shergold@gmail.com'),
('KWCIFRLX21XR5', 'raychel.hadenton@yahoo.com'),
('SHPB7WTGRC4S3', 'carmelia.elmar@gmail.com'),
('W6EV8BX2JP5GQ', 'gill.ferebee@free.fr'),
('XLCNQGDPL8Z5D', 'othelia.ewenson@gmail.com'),
('BC7UKB4MQY54F', 'hope.bisatt@tiscali.it'),
('U0I0DHABY0MY8', 'georgianna.jeram@gmx.de'),
('JK6QZDQSTS7IM', 'melinde.ferron@gmail.com'),
('FXRHWGM3D94JV', 'kristian.higbin@gmail.com'),
('K3A8A8ITYO1DN', 'susan.mustin@hotmail.com'),
('GM8CDWJVFER1D', 'tony.searles@yahoo.com'),
('RT29PJW4PKV1F', 'reube.poulson@gmail.com'),
('35ZAZSBZGGA5S', 'danny.donnison@hotmail.com'),
('ZFB0LSX2H0UKO', 'marsh.craigmyle@gmail.com'),
('8QDW1RALKOE5R', 'phebe.hache@msn.com'),
('VITCJLA8MCOJV', 'teodora.paolillo@gmail.com'),
('AJJUNJPP2IYZB', 'brandie.tousey@bol.com.br'),
('DMHGXF3YB8EM7', 'crissy.szymanowski@sfr.fr'),
('BWOOSUQ9OUTM3', 'ezri.icke@hotmail.com'),
('8QOHV04C9XZVP', 'kennan.howland@optusnet.com.au'),
('N5CH7736OYKCE', 'orel.owenson@gmail.com'),
('78YGIOZ8DLKX7', 'boony.bachelor@gmail.com'),
('LNILBTNM5ALFA', 'lila.farre@gmail.com'),
('OHC1C4QCV2MXS', 'berty.garlic@yahoo.com'),
('O40AS45I5JU6V', 'hanny.yeowell@yahoo.com.br'),
('L3AMIURHFIG69', 'nevil.besemer@yahoo.com'),
('I4BJM64RMOQAY', 'rudolf.heinzler@gmail.com'),
('7HS9VTUT7HND5', 'mirella.tilbrook@yahoo.com'),
('F4MDPCLRMCSGU', 'kerrill.franchyonok@hotmail.com'),
('UMD311KGWKQFW', 'brandon.liptrod@yahoo.co.in'),
('XV21GZJ9QH0FQ', 'kellen.hambling@gmail.com'),
('T39999BZYE7S9', 'magda.dottrell@yahoo.com'),
('VGRNNS5J79DOZ', 'hilarius.mcguirk@aol.com'),
('Y6E0WNVGIM1BN', 'rosalyn.sharrem@sky.com'),
('MAK2Q9WAXY132', 'rory.ayer@hotmail.com'),
('E67JG7G7F1E8Z', 'garrick.halfhide@sbcglobal.net'),
('J9OQVH6QHQWZ2', 'farra.boutell@gmail.com'),
('G4UNXC2JW4GH7', 'nicola.duignan@gmail.com'),
('6M5PZ3P1XURFD', 'denny.bezzant@yahoo.co.uk'),
('BPZJN48I8NMVZ', 'angelico.noakes@gmail.com'),
('EO545SI9DKCQH', 'winonah.crolla@hotmail.com'),
('8WULGH8ZLIRHH', 'valene.sleite@yahoo.com'),
('N3QL8O5SXQIX7', 'samaria.prebble@aol.com'),
('UBG3L1W061E9L', 'lettie.bardnam@gmail.com'),
('H94DJ2LFN0VFR', 'arliene.tolworthy@live.it'),
('ZA08UQ5G1TIM5', 'wandis.kem@hotmail.com'),
('D9AB0CWTX3OI8', 'jess.vido@gmail.com'),
('NDZQKVVC89RJ6', 'erhard.harpur@yahoo.com');


-- fabricate-flush


INSERT INTO correoPersonalMedico (rfc, correo) VALUES
('VXDE155EU928M', 'dena.jacobssen@rediffmail.com'),
('A6XP2FGXQD5D7', 'max.ricioppo@gmail.com'),
('GAE7JDNZ86RA6', 'amandi.vise@gmail.com'),
('J8CR7BOHKDTL0', 'kristina.pendleton@gmail.com'),
('R2AR78DQIM2T7', 'clevie.guerola@gmail.com'),
('UQND03A7HZZDY', 'sarena.oris@gmail.com'),
('TVOOGACD6XRKY', 'pace.beckford@gmail.com'),
('98N5B3GIYE61I', 'nolan.cribbins@hotmail.com'),
('XMANK2UIYI5RQ', 'jobyna.averies@gmail.com'),
('OBYVS7XWBAZ17', 'ernesto.morrell@yahoo.com'),
('AEDDA1CFPOMPV', 'helsa.benardeau@hotmail.com'),
('107PSIOFSW4X7', 'dunstan.briddock@bol.com.br'),
('8Q81578CHV7NQ', 'paola.macneely@gmail.com'),
('RDYK55MLXUO8Y', 'fan.tallboy@freenet.de'),
('BA38DW9TVVWPL', 'ellette.jeannenet@gmail.com'),
('HN4HUJW6ZY0SO', 'vere.tourner@yahoo.com'),
('22UO7GGIFPE4M', 'madlen.millsap@msn.com'),
('JDW9WWYNW8U4I', 'sammy.binham@hotmail.com'),
('3PBGYJ2S5TT7W', 'georgeta.nussii@orange.fr'),
('YQ6O85KZXF2QB', 'ashton.espley@aol.com'),
('OLWWKODDVKT8I', 'tammy.vanrembrandt@hotmail.com'),
('XKA0YZ660CBN1', 'roxine.siaskowski@hotmail.com'),
('6FZ7YIQ94ZMOK', 'thorpe.thursfield@hotmail.com'),
('UMH3RQCMWBC9H', 'nolana.bollans@mail.ru'),
('ODUFVPIHMT6MQ', 'carla.frow@comcast.net'),
('BXOMJCCTRZ2LA', 'hermon.laidel@gmail.com'),
('IMODKO4GBXU8I', 'archer.meehan@comcast.net'),
('OMUSGO4VMT6DN', 'brice.boner@hotmail.com'),
('WXX0G1GGIQE22', 'silvia.dumbrill@gmail.com'),
('JXDC04AKS2GEC', 'alexis.nuzzetti@msn.com'),
('AC35ZTTMDPL62', 'morgana.weale@gmail.com'),
('QB54BHTR6PG2P', 'rutledge.enticott@gmail.com'),
('9WP2OOCF45IZY', 'eva.grammer@live.com.au'),
('F4ZLGD583UUAR', 'anderson.ratnage@gmail.com'),
('EURKB4T2M0DZG', 'tris.croote@gmail.com'),
('WDR9D1TL6GDAZ', 'sabina.wiffill@frontiernet.net'),
('YMZ4LIS1TLBD5', 'anica.dunridge@msn.com'),
('5NCFAK6QHIEKN', 'laughton.antonias@yahoo.com'),
('SZ3CR14DFG8AW', 'davis.norewood@yahoo.com'),
('8JL1C9UMCBXE7', 'rafa.dominka@live.com.au'),
('BJC72E3BEFBT6', 'mikkel.steckings@hotmail.com'),
('LJLKW8C8NWPVU', 'georgina.reisenstein@gmail.com'),
('CZDVBS14D0RRR', 'kate.guyot@hotmail.com'),
('DUMZ4GSCF2KYT', 'dominique.howgego@yahoo.fr'),
('GBGK4RNV0LEAE', 'loren.macgauhy@gmail.com'),
('GY52YVIP9B3EP', 'luciano.goulding@gmail.com'),
('A9DLP1JLOF4IR', 'cymbre.gulland@gmail.com'),
('BU3NAY62DWS0L', 'maris.jancik@gmail.com'),
('WYMTHS4FVEIB1', 'augustina.shankster@yahoo.com'),
('E7UWGFI4CRC6U', 'janela.gard@hotmail.com'),
('FANH8ZF0LMQWO', 'addia.simmgen@yahoo.com'),
('RB8G8DEPZAC7Z', 'jarib.fathers@hotmail.com'),
('P4XLNEZ2T2T3J', 'letta.spurden@ymail.com'),
('ESX9VNS73JCDT', 'ardra.buffy@laposte.net'),
('NTFEP4IQP3FTL', 'basilio.grenkov@hotmail.com'),
('ZS2B1P0GX2NVI', 'marven.jewell@gmail.com'),
('NJ040QPAEIJK0', 'avie.schoffel@yahoo.fr'),
('X7UBK8TXKEFZP', 'paulo.lynskey@mail.ru'),
('EFQ4C0W7SQODS', 'roobbie.orleton@gmail.com'),
('HP4KL8EQC62ZX', 'lazaro.halley@gmail.com'),
('6IQBXGPXTANLD', 'ikey.fiorentino@hotmail.com'),
('RCF52JDM1L9NH', 'doreen.volkers@yahoo.com'),
('SE2K14MRDGC5C', 'karl.jonk@yahoo.com'),
('KMKIB6P74P9WO', 'estrellita.beteriss@hotmail.co.uk'),
('OQLZIBG7CQ7DN', 'bekki.oatley@gmail.com'),
('3REB1DG6IU5LL', 'koral.mcomish@gmail.com'),
('4I9D25IYE8DP2', 'nickola.crutch@gmail.com'),
('8V21I9Z37SJ1U', 'theo.dibartolomeo@yahoo.com'),
('APQ4FO10144HW', 'oona.jeram@yahoo.com'),
('EF20JMCKA3HK0', 'jandy.titterrell@windstream.net'),
('5I04HHI3D1X39', 'dani.youthead@hotmail.com'),
('BPCJR63SIAUXX', 'shanta.penbarthy@gmail.com'),
('66G47HBPJPB8V', 'derrek.wort@hotmail.com'),
('8REO6KFBIMAHW', 'ferdinand.dadson@gmail.com'),
('DPX0NYCOLLA1C', 'berti.barendtsen@yahoo.com'),
('8GI55Q2Q70PVS', 'cyndia.poytres@yahoo.co.in'),
('RMRMGWDO82J3C', 'idell.cobbin@yahoo.com'),
('IX06JA7ME4OX8', 'erie.dearlove@gmail.com'),
('M78VL45CXXV66', 'saundra.vernau@hotmail.com'),
('LRQIPT0TT2PYB', 'alecia.bohman@yahoo.de'),
('X0PVG6WWNOKEM', 'othilia.bertomier@gmail.com'),
('21CBBTBG06EXD', 'jervis.habershon@yahoo.com'),
('ALM50ILWAXT03', 'raina.calder@gmx.net'),
('R4VJ5Y7LUPAMQ', 'karla.grimwade@yahoo.com'),
('HEIR011OCYJAE', 'ardith.whitman@yahoo.com'),
('MY1H0TSOTUSZ5', 'hyacinthe.ibert@orange.fr'),
('8O9LWS9FS213X', 'tildie.bertlin@yahoo.com'),
('J3IIXMRZMOM1F', 'goldina.kydd@free.fr'),
('KBYJNGICIZUBS', 'katine.carleman@yahoo.com'),
('TBMFV662ULH3J', 'dedie.antcliffe@yahoo.com'),
('KI8LLLE7YNQES', 'merrielle.yitzovicz@yahoo.com'),
('PKS182G984PCR', 'giselbert.dudenie@hotmail.com'),
('Q87X6PKQTMAEG', 'urban.corcoran@gmail.com'),
('JEFBEZYCZMAYJ', 'kris.gadsby@gmail.com'),
('6240TZ2DEJAIQ', 'hedwig.slader@hotmail.fr'),
('S5QSBHRWC378K', 'aron.maccathay@gmail.com'),
('4SFW76P1LCQYP', 'sutherland.macpaike@aol.com'),
('TCTDOVIH3D4QL', 'luke.spera@hotmail.com'),
('QJP2FPZ9X1DL4', 'maiga.cridlin@yahoo.com'),
('M18OLDWEPP971', 'tanya.radloff@gmail.com');


-- fabricate-flush


INSERT INTO correoPersonalSeguridad ("rfc", "correo") VALUES
('SIMY303872KUN', 'dena.jacobssen@rediffmail.com'),
('HQOW008067WH3', 'max.ricioppo@gmail.com'),
('ARXL682013FFI', 'amandi.vise@gmail.com'),
('YXPA672429B7X', 'kristina.pendleton@gmail.com'),
('KZMO719535G73', 'clevie.guerola@gmail.com'),
('VYVF188330KAP', 'sarena.oris@gmail.com'),
('RHRE719147T4Y', 'pace.beckford@gmail.com'),
('IYJV616570I6P', 'nolan.cribbins@hotmail.com'),
('UNFH8595273E1', 'jobyna.averies@gmail.com'),
('OLZT378940LSA', 'ernesto.morrell@yahoo.com'),
('GZXB560906TRK', 'helsa.benardeau@hotmail.com'),
('ORFC724768R4V', 'dunstan.briddock@bol.com.br'),
('FFYV0214906IW', 'paola.macneely@gmail.com'),
('XMXP307679MBB', 'fan.tallboy@freenet.de'),
('KCCF527445VGL', 'ellette.jeannenet@gmail.com'),
('AYPT756048Z63', 'vere.tourner@yahoo.com'),
('XLDK335535805', 'madlen.millsap@msn.com'),
('PDTO660881GXM', 'sammy.binham@hotmail.com'),
('UTEB513772HR3', 'georgeta.nussii@orange.fr'),
('GLLF760785YC4', 'ashton.espley@aol.com'),
('FRAM961995HH0', 'tammy.vanrembrandt@hotmail.com'),
('EILI618098Y06', 'roxine.siaskowski@hotmail.com'),
('FFQG2317455K8', 'thorpe.thursfield@hotmail.com'),
('HGTH670964BVJ', 'nolana.bollans@mail.ru'),
('WHTL162188M4O', 'carla.frow@comcast.net'),
('LZRS967983STF', 'hermon.laidel@gmail.com'),
('ACQI958764CNQ', 'archer.meehan@comcast.net'),
('VIEZ570257DEA', 'brice.boner@hotmail.com'),
('JEFK980549PAZ', 'silvia.dumbrill@gmail.com'),
('ZTBR987422E77', 'alexis.nuzzetti@msn.com'),
('UUGC032050RFS', 'morgana.weale@gmail.com'),
('UGWM205306C1X', 'rutledge.enticott@gmail.com'),
('WQVB605408PTQ', 'eva.grammer@live.com.au'),
('QYDY672663ZHL', 'anderson.ratnage@gmail.com'),
('YWKT632479U3R', 'tris.croote@gmail.com'),
('WUDN843764OA7', 'sabina.wiffill@frontiernet.net'),
('XHBN311863RT2', 'anica.dunridge@msn.com'),
('VEBT379050FRY', 'laughton.antonias@yahoo.com'),
('PQWZ417461OQT', 'davis.norewood@yahoo.com'),
('NYNY798012YDR', 'rafa.dominka@live.com.au'),
('NSBB79736382Y', 'mikkel.steckings@hotmail.com'),
('LQSC398640V9G', 'georgina.reisenstein@gmail.com'),
('PVIF647966518', 'kate.guyot@hotmail.com'),
('PBLJ946030RQE', 'dominique.howgego@yahoo.fr'),
('FYXU547839Q5J', 'loren.macgauhy@gmail.com'),
('HAEJ055411YJK', 'luciano.goulding@gmail.com'),
('DOJH5042874PF', 'cymbre.gulland@gmail.com'),
('FAZA376792WGH', 'maris.jancik@gmail.com'),
('XLRF6369903QA', 'augustina.shankster@yahoo.com'),
('MXKU240499BV3', 'janela.gard@hotmail.com'),
('BKTV326921PX1', 'addia.simmgen@yahoo.com'),
('RMDN4930540IM', 'jarib.fathers@hotmail.com'),
('RPSB0338442PP', 'letta.spurden@ymail.com'),
('HDRH176867ZXM', 'ardra.buffy@laposte.net'),
('TGQB663270QGZ', 'basilio.grenkov@hotmail.com'),
('KLVA264343F2K', 'marven.jewell@gmail.com'),
('PNTO008535KY8', 'avie.schoffel@yahoo.fr'),
('ERFT259849WIO', 'paulo.lynskey@mail.ru'),
('PRUY8343060UN', 'roobbie.orleton@gmail.com'),
('SWEC78895877R', 'lazaro.halley@gmail.com'),
('WNJL60957933G', 'ikey.fiorentino@hotmail.com'),
('FCOT6508323LZ', 'doreen.volkers@yahoo.com'),
('MXNJ7426839Q0', 'karl.jonk@yahoo.com'),
('QAMO010998751', 'estrellita.beteriss@hotmail.co.uk'),
('TTXF0019146HG', 'bekki.oatley@gmail.com'),
('UNTB333747LJJ', 'koral.mcomish@gmail.com'),
('JBRD989471TLH', 'nickola.crutch@gmail.com'),
('OFVD892845NH5', 'theo.dibartolomeo@yahoo.com'),
('LPRJ4421293Q0', 'oona.jeram@yahoo.com'),
('XRWI326329C5Z', 'jandy.titterrell@windstream.net'),
('IKRG572001FJW', 'dani.youthead@hotmail.com'),
('XDDU011495YA8', 'shanta.penbarthy@gmail.com'),
('PNTA0502785SF', 'derrek.wort@hotmail.com'),
('RCOI7919788AJ', 'ferdinand.dadson@gmail.com'),
('AXCT017941L66', 'berti.barendtsen@yahoo.com'),
('DSOM17750348K', 'cyndia.poytres@yahoo.co.in'),
('UJHT3466511IT', 'idell.cobbin@yahoo.com'),
('IQQO989861J8P', 'erie.dearlove@gmail.com'),
('JKCR7060784ZC', 'saundra.vernau@hotmail.com'),
('CDGG451471HVG', 'alecia.bohman@yahoo.de'),
('SGOL872051M7U', 'othilia.bertomier@gmail.com'),
('QLQK112647DIH', 'jervis.habershon@yahoo.com'),
('XHUM810896V3A', 'raina.calder@gmx.net'),
('VXGD8639389IJ', 'karla.grimwade@yahoo.com'),
('ECTX148323L9K', 'ardith.whitman@yahoo.com'),
('EAFX131800IBX', 'hyacinthe.ibert@orange.fr'),
('MHWK641295UD7', 'tildie.bertlin@yahoo.com'),
('VPNU756400445', 'goldina.kydd@free.fr'),
('VFPO064277I7F', 'katine.carleman@yahoo.com'),
('BKAL999730FQT', 'dedie.antcliffe@yahoo.com'),
('URRN580569S88', 'merrielle.yitzovicz@yahoo.com'),
('COHM168974PXJ', 'giselbert.dudenie@hotmail.com'),
('HMCN298297K07', 'urban.corcoran@gmail.com'),
('BDBE822501MW7', 'kris.gadsby@gmail.com'),
('EYDQ835840MOU', 'hedwig.slader@hotmail.fr'),
('TFHK475360ION', 'aron.maccathay@gmail.com'),
('WRPG671549KHO', 'sutherland.macpaike@aol.com'),
('YJTW9422214ZD', 'luke.spera@hotmail.com'),
('PMBL1893811NA', 'maiga.cridlin@yahoo.com'),
('WMMQ393648K8L', 'tanya.radloff@gmail.com');


-- fabricate-flush


INSERT INTO telefonoPersonalLimpieza ("rfc", "telefono") VALUES
('W6EV8BX2JP5GQ', '7825135137'),
('F4MDPCLRMCSGU', '6659315479'),
('H92G1ATTCGY33', '9626322058'),
('DMHGXF3YB8EM7', '1181852788'),
('B9WW9WMGOYQE2', '5544277433'),
('UHHILF57ASGQ2', '3310726054'),
('KWCIFRLX21XR5', '2882795775'),
('TR5QEC8NEV32J', '9761955369'),
('G4UNXC2JW4GH7', '9200810111'),
('U0I0DHABY0MY8', '4612379187'),
('3N5ROIQHK5NSD', '2633368132'),
('B3ZPUM90AQMX4', '5766858458'),
('VGRNNS5J79DOZ', '7606904553'),
('AJJUNJPP2IYZB', '8434875155'),
('UMD311KGWKQFW', '1998461080'),
('K3A8A8ITYO1DN', '9868674956'),
('U9CX5FH43CG8C', '2954957286'),
('OQ1V3GBIVU8WC', '8287309133'),
('FY7E58VWQJ2T1', '4764780273'),
('J9OQVH6QHQWZ2', '9883813842'),
('K7W8IPFZ4KWMT', '5164021472'),
('8155V2JFS7AXT', '1588591349'),
('7HS9VTUT7HND5', '4476741661'),
('V0BEBSZTDI6LX', '6770123909'),
('TXKQJ5LVKHN84', '8858297202'),
('BC7UKB4MQY54F', '6609181044'),
('HTSGGPBT4SPKM', '2419363645'),
('G3N0JKQD8K1UD', '8459601222'),
('FXRHWGM3D94JV', '8574314118'),
('Z5JXH10D9L2C2', '1776580489'),
('LNILBTNM5ALFA', '2414819395'),
('XV21GZJ9QH0FQ', '1217319000'),
('BPZJN48I8NMVZ', '2727705610'),
('MAK2Q9WAXY132', '4177256879'),
('LLUAGKK89P28O', '6478393944'),
('78YGIOZ8DLKX7', '6559452395'),
('GM8CDWJVFER1D', '9378869858'),
('TPU108XJVNFER', '5256500062'),
('8QOHV04C9XZVP', '7544187148'),
('8QE6229L4VYIO', '2514894749'),
('SAQMDUECICOOC', '8281988542'),
('XH7AUXQQPV7V6', '8581661889'),
('D9AB0CWTX3OI8', '5648199213'),
('E67JG7G7F1E8Z', '3633876062'),
('T30Z6U1MY9NQ5', '8515619861'),
('ZFB0LSX2H0UKO', '7373335519'),
('Z616K5FHDD4TV', '5373760846'),
('UBG3L1W061E9L', '5913643399'),
('LQ5322ZJFHDO1', '8878558199'),
('N5CH7736OYKCE', '9387713302'),
('6M5PZ3P1XURFD', '4889518966'),
('OHC1C4QCV2MXS', '3162048863'),
('95JLQDJNA0CFJ', '9901249674'),
('NG72D15ZDHSUD', '1241316344'),
('1CK952JMTTO9S', '4104002045'),
('UINZXN8K458O6', '7900670746'),
('RT29PJW4PKV1F', '5272416089'),
('O40AS45I5JU6V', '5850252153'),
('74ULOUES90XM0', '9584464459'),
('Z5OKFDVIM27GX', '1098815489'),
('L3AMIURHFIG69', '9881309175'),
('BWOOSUQ9OUTM3', '7050788081'),
('CTAPS8WIMR20K', '1846014693'),
('3T6ZFI29YVZMR', '9825135237'),
('UQEDWMQRT6GAF', '1095427695'),
('NQNYAO2GMNLMM', '7639964761'),
('N0E3Q1UODO5BD', '8385120720'),
('I4BJM64RMOQAY', '9438332217'),
('8QDW1RALKOE5R', '1896507413'),
('3TI8ZTXX1GQYN', '6047922220'),
('T39999BZYE7S9', '4744506392'),
('A4K1ACWZ6NSLC', '6039356266'),
('H94DJ2LFN0VFR', '1087204731'),
('ZA08UQ5G1TIM5', '3214894030'),
('6B6KY6VUI020Q', '8395917491'),
('EO545SI9DKCQH', '7908779127'),
('Y6E0WNVGIM1BN', '6008581356'),
('N3QL8O5SXQIX7', '4938317780'),
('82DVOZICAM1UV', '9348569251'),
('JK6QZDQSTS7IM', '3431721800'),
('1ZFQ0PBQBZVRB', '3559658620'),
('FU0O8FBZVJBK2', '8685159603'),
('R342EL9NEF0TY', '1379511603'),
('8WULGH8ZLIRHH', '3096938490'),
('XLCNQGDPL8Z5D', '9256486112'),
('NDZQKVVC89RJ6', '3717186954'),
('C87BSKAN8QGD7', '4494900717'),
('SHPB7WTGRC4S3', '7542143826'),
('VITCJLA8MCOJV', '4284095303'),
('SM0T1PTJW95GG', '5607249794'),
('FAULY7B930AU6', '1206773447'),
('KY89U8VWPW4I2', '4103681953'),
('VSOLROCNMANOB', '1748642300'),
('YOIXKDK8IVQHA', '9193893559'),
('AUEI124I1BVGD', '9659159582'),
('4HIMWQA0NHSIC', '1799346277'),
('WW5UJ0NK6YRH5', '1023082924'),
('ZIM9DW5ITK9RM', '5897408241'),
('DYC1FNS7MNSZJ', '5786094273'),
('35ZAZSBZGGA5S', '9231992870');


-- fabricate-flush


INSERT INTO telefonoPersonalMedico ("rfc", "telefono") VALUES
('ALM50ILWAXT03', '9507245742'),
('OQLZIBG7CQ7DN', '7142297827'),
('APQ4FO10144HW', '1172690876'),
('VXDE155EU928M', '1129873495'),
('F4ZLGD583UUAR', '1384369231'),
('107PSIOFSW4X7', '2377410970'),
('5I04HHI3D1X39', '2722190690'),
('22UO7GGIFPE4M', '6499065334'),
('RDYK55MLXUO8Y', '9486085454'),
('PKS182G984PCR', '6253910517'),
('DUMZ4GSCF2KYT', '4384812015'),
('X0PVG6WWNOKEM', '4642029102'),
('TVOOGACD6XRKY', '2521682059'),
('R2AR78DQIM2T7', '4384161884'),
('HN4HUJW6ZY0SO', '4373641594'),
('8Q81578CHV7NQ', '3713906341'),
('WDR9D1TL6GDAZ', '4452531178'),
('EF20JMCKA3HK0', '2343594481'),
('YQ6O85KZXF2QB', '9673031175'),
('6FZ7YIQ94ZMOK', '3360976024'),
('MY1H0TSOTUSZ5', '4954648307'),
('8REO6KFBIMAHW', '5626588324'),
('TBMFV662ULH3J', '7208830472'),
('A6XP2FGXQD5D7', '1655120243'),
('AEDDA1CFPOMPV', '9728721539'),
('LJLKW8C8NWPVU', '2673876907'),
('KI8LLLE7YNQES', '4258905085'),
('TCTDOVIH3D4QL', '5374517829'),
('EFQ4C0W7SQODS', '1168895233'),
('RB8G8DEPZAC7Z', '5378116247'),
('BJC72E3BEFBT6', '2061434697'),
('RCF52JDM1L9NH', '6916951754'),
('BA38DW9TVVWPL', '3632800262'),
('SZ3CR14DFG8AW', '8082817065'),
('ODUFVPIHMT6MQ', '2798556175'),
('E7UWGFI4CRC6U', '1384293566'),
('UQND03A7HZZDY', '3831745602'),
('M18OLDWEPP971', '3395481411'),
('6IQBXGPXTANLD', '7782143483'),
('OMUSGO4VMT6DN', '5397582965'),
('NTFEP4IQP3FTL', '1166051425'),
('EURKB4T2M0DZG', '4517781672'),
('5NCFAK6QHIEKN', '2957673676'),
('8JL1C9UMCBXE7', '3832692387'),
('98N5B3GIYE61I', '9976377076'),
('WXX0G1GGIQE22', '1617192881'),
('21CBBTBG06EXD', '2002726432'),
('AC35ZTTMDPL62', '2002466723'),
('3REB1DG6IU5LL', '6696502567'),
('HP4KL8EQC62ZX', '8515150517'),
('A9DLP1JLOF4IR', '6537633690'),
('NJ040QPAEIJK0', '7994762353'),
('BU3NAY62DWS0L', '9351961822'),
('6240TZ2DEJAIQ', '7039694041'),
('DPX0NYCOLLA1C', '6319036631'),
('WYMTHS4FVEIB1', '1752521362'),
('J3IIXMRZMOM1F', '3168918071'),
('3PBGYJ2S5TT7W', '2738586705'),
('JXDC04AKS2GEC', '6386818659'),
('CZDVBS14D0RRR', '7894088169'),
('QB54BHTR6PG2P', '3644013377'),
('GBGK4RNV0LEAE', '4284546987'),
('FANH8ZF0LMQWO', '5042275095'),
('OBYVS7XWBAZ17', '6244377891'),
('OLWWKODDVKT8I', '5519755107'),
('ZS2B1P0GX2NVI', '6925798761'),
('XKA0YZ660CBN1', '8667010308'),
('4SFW76P1LCQYP', '3911682080'),
('BPCJR63SIAUXX', '8610523988'),
('KMKIB6P74P9WO', '1735120507'),
('BXOMJCCTRZ2LA', '2992057357'),
('66G47HBPJPB8V', '4256854912'),
('LRQIPT0TT2PYB', '2397141146'),
('9WP2OOCF45IZY', '5719049507'),
('JEFBEZYCZMAYJ', '8006396196'),
('HEIR011OCYJAE', '9691486383'),
('RMRMGWDO82J3C', '3555780120'),
('X7UBK8TXKEFZP', '8225375427'),
('R4VJ5Y7LUPAMQ', '5420008281'),
('8GI55Q2Q70PVS', '8426164198'),
('8O9LWS9FS213X', '5708400110'),
('4I9D25IYE8DP2', '1145380779'),
('IMODKO4GBXU8I', '1542309054'),
('S5QSBHRWC378K', '1809022650'),
('GY52YVIP9B3EP', '2092066278'),
('M78VL45CXXV66', '8488908644'),
('ESX9VNS73JCDT', '9602967882'),
('IX06JA7ME4OX8', '8303890609'),
('GAE7JDNZ86RA6', '9293434385'),
('J8CR7BOHKDTL0', '5711187794'),
('8V21I9Z37SJ1U', '2080762482'),
('KBYJNGICIZUBS', '5304234206'),
('P4XLNEZ2T2T3J', '7048045087'),
('Q87X6PKQTMAEG', '6252114057'),
('SE2K14MRDGC5C', '4850625461'),
('UMH3RQCMWBC9H', '1207741292'),
('XMANK2UIYI5RQ', '1937150641'),
('YMZ4LIS1TLBD5', '8060374492'),
('JDW9WWYNW8U4I', '8602493285'),
('QJP2FPZ9X1DL4', '1981814960');


-- fabricate-flush


INSERT INTO telefonoPersonalSeguridad ("rfc", "telefono") VALUES
('WUDN843764OA7', '8627552037'),
('XHBN311863RT2', '0828140488'),
('ZTBR987422E77', '4727178066'),
('PMBL1893811NA', '1689284242'),
('XDDU011495YA8', '3751159977'),
('FFQG2317455K8', '2398268046'),
('FRAM961995HH0', '8569827085'),
('YWKT632479U3R', '6676570311'),
('VFPO064277I7F', '9256409054'),
('PVIF647966518', '9789206082'),
('PNTO008535KY8', '3109977154'),
('WNJL60957933G', '2110964353'),
('PDTO660881GXM', '4424149746'),
('FYXU547839Q5J', '3573977162'),
('UGWM205306C1X', '3202704605'),
('JBRD989471TLH', '9243274632'),
('UUGC032050RFS', '5373880250'),
('WMMQ393648K8L', '5899482820'),
('TFHK475360ION', '5913648138'),
('WHTL162188M4O', '0610532793'),
('RHRE719147T4Y', '5192189166'),
('ORFC724768R4V', '4125262804'),
('EAFX131800IBX', '7085127346'),
('DSOM17750348K', '6919129914'),
('FAZA376792WGH', '0492793141'),
('AYPT756048Z63', '9534571051'),
('SWEC78895877R', '4469273623'),
('VEBT379050FRY', '3796072649'),
('DOJH5042874PF', '3106474483'),
('AXCT017941L66', '4275003802'),
('XLDK335535805', '5523523351'),
('HMCN298297K07', '1739276032'),
('ECTX148323L9K', '3141972573'),
('XHUM810896V3A', '0976794330'),
('HAEJ055411YJK', '4565472105'),
('MXKU240499BV3', '9230583431'),
('ERFT259849WIO', '7396079070'),
('GLLF760785YC4', '6752113421'),
('QYDY672663ZHL', '4972000084'),
('PRUY8343060UN', '4031876054'),
('BKTV326921PX1', '5664343297'),
('UTEB513772HR3', '6055635015'),
('PNTA0502785SF', '4882257443'),
('OFVD892845NH5', '9366201255'),
('VYVF188330KAP', '0683546585'),
('JKCR7060784ZC', '3764753386'),
('PBLJ946030RQE', '6326131572'),
('SGOL872051M7U', '3480313240'),
('JEFK980549PAZ', '6138948689'),
('RPSB0338442PP', '5895064870'),
('UJHT3466511IT', '7508787788'),
('KCCF527445VGL', '3453244071'),
('KZMO719535G73', '9478292549'),
('YXPA672429B7X', '6596711647'),
('QAMO010998751', '9660661912'),
('BKAL999730FQT', '3969420091'),
('CDGG451471HVG', '1933986798'),
('NYNY798012YDR', '0505319431'),
('COHM168974PXJ', '9143248103'),
('RCOI7919788AJ', '3414471421'),
('MHWK641295UD7', '0463264960'),
('XMXP307679MBB', '6381975237'),
('IYJV616570I6P', '8502594391'),
('IQQO989861J8P', '5113977704'),
('EYDQ835840MOU', '7663273036'),
('WQVB605408PTQ', '9479585451'),
('RMDN4930540IM', '4108700314'),
('HDRH176867ZXM', '8080679004'),
('KLVA264343F2K', '8349351597'),
('BDBE822501MW7', '9164602097'),
('EILI618098Y06', '1441236310'),
('NSBB79736382Y', '7273580465'),
('QLQK112647DIH', '7656537887'),
('XLRF6369903QA', '8038610922'),
('LQSC398640V9G', '2602166326'),
('LZRS967983STF', '3672362460'),
('GZXB560906TRK', '1333492543'),
('UNTB333747LJJ', '3066399952'),
('YJTW9422214ZD', '7189328269'),
('SIMY303872KUN', '0045246165'),
('ACQI958764CNQ', '1566446969'),
('LPRJ4421293Q0', '8221779146'),
('VXGD8639389IJ', '6304833213'),
('PQWZ417461OQT', '4804447874'),
('XRWI326329C5Z', '2316020960'),
('VPNU756400445', '6732274470'),
('IKRG572001FJW', '0696004075'),
('WRPG671549KHO', '6584908032'),
('HQOW008067WH3', '5129927024'),
('MXNJ7426839Q0', '3044487146'),
('FFYV0214906IW', '2897838763'),
('UNFH8595273E1', '6549511107'),
('ARXL682013FFI', '5045425073'),
('HGTH670964BVJ', '4115402650'),
('URRN580569S88', '0153607744'),
('VIEZ570257DEA', '7619644511'),
('FCOT6508323LZ', '6597286272'),
('TTXF0019146HG', '3537850070'),
('TGQB663270QGZ', '3034574159'),
('OLZT378940LSA', '9099441997');


-- fabricate-flush


INSERT INTO tenerNegocio (idBazar, nombreNegocio) VALUES
('81', 'Sliced Bell Peppers'),
('81', 'Granulated Sugar'),
('81', 'Sliced Cucumbers'),
('81', 'Ceramic Bakeware Set'),
('81', 'Chic Ankle Strap Heels'),
('81', 'Over-the-Door Shoe Organizer'),
('81', 'Chickpeas'),
('81', 'Quinoa and Kale Salad Kit'),
('81', 'Organic Cereal Bars'),
('81', 'Portable Folding Picnic Table'),
('81', 'Flavored Instant Oatmeal'),
('81', 'Multi-Purpose Plant Care Tool'),
('81', 'Wireless Security Camera'),
('81', 'Sliced Olives'),
('81', 'Rechargeable Laptop Battery Pack'),
('81', 'Travel Jewelry Organizer'),
('81', 'Digital Meat Thermometer'),
('81', 'Electric Kettle with Temperature Control'),
('81', 'Laundry Detergent'),
('81', 'Workstation Laptop Stand'),
('81', 'Rice Noodles'),
('81', 'Grilled Veggie Burgers'),
('81', 'Teriyaki Chicken Stir-Fry'),
('81', 'LED Flashlight with Rechargeable Batteries'),
('81', 'Digital Photo Frame'),
('81', 'Comfortable Jogger Pants'),
('81', 'Lightweight Travel Backpack'),
('81', 'Almond Flour Pancake Mix'),
('81', 'Coconut Granola'),
('81', 'Smartphone Gimbal'),
('81', 'Classic Pumps'),
('81', 'Dog Training Collar'),
('81', 'Sweet BBQ Dipping Sauce'),
('81', 'Fall-Themed Table Runner'),
('81', 'Instant Mashed Potatoes'),
('81', 'Spicy Thai Noodles'),
('81', 'Honey mustard chicken tenders'),
('81', 'Patterned Knit Scarf'),
('82', 'Rustic Italian Bread'),
('82', 'Pasta Sauce Mix'),
('82', 'Collapsible Folding Chair'),
('82', 'Portable Phone Mug Holder'),
('82', 'Streaming Device'),
('82', 'Leek and Potato Soup'),
('82', 'Kids'' Trampoline'),
('82', 'Wild Rice Pilaf'),
('82', 'Pet Food Storage Container'),
('82', 'Baby Monitor'),
('82', 'Caramelized Onion Dip Mix'),
('82', 'Organic Tomato Ketchup'),
('82', 'Vanilla Ice Cream'),
('82', 'Folding Pocket Knife'),
('82', 'Buffalo Stilton Cheese'),
('82', 'Board Game Storage'),
('82', 'Vegetable Fried Rice'),
('82', 'Wildflower Honey'),
('82', 'Vegetable Pizza Rolls'),
('82', 'Lemon Herb Chicken'),
('82', 'Decorative Throw Blanket'),
('82', 'Basic V-Neck T-Shirt'),
('82', 'Silicone Baking Cups'),
('82', 'Non-Stick Crepe Pan'),
('83', 'Mini Cordless Vacuum Cleaner'),
('83', 'Foldable Picnic Table'),
('83', 'Hand Mixer'),
('83', 'Honey Sesame Chicken Mix'),
('83', 'Frozen Cauliflower Rice'),
('83', 'Pepperoni Pizza Roll-Ups'),
('83', 'Stainless Steel Water Pitcher'),
('83', 'Camping Lantern'),
('83', 'Ice Cube Tray with Lid'),
('83', 'Buffalo Chicken Wraps'),
('83', 'Waffle Maker'),
('83', 'Fitbit Activity Tracker'),
('83', 'Watercolor Paint Set'),
('83', 'Garlic Butter Sauce'),
('84', 'Active Racerback Tank'),
('84', 'Buffalo Cauliflower Wings'),
('84', 'Handheld Vacuum'),
('84', 'Spicy Chicken Wings'),
('84', 'Handmade Leather Wallet'),
('84', 'Fresh Cilantro'),
('84', 'Vegetable Korma'),
('84', 'Buttermilk Pancakes'),
('84', 'Almond Flour Bread Mix'),
('84', 'Pasta (Fusilli)'),
('84', 'Two-Tier Fruit Basket'),
('84', 'Mediterranean Olives'),
('84', 'Pet Training Pads'),
('84', 'Gluten-Free Biscuits'),
('97', 'Granulated Sugar'),
('97', 'Sliced Bell Peppers'),
('97', 'Sliced Cucumbers'),
('97', 'Ceramic Bakeware Set'),
('97', 'Chic Ankle Strap Heels'),
('97', 'Over-the-Door Shoe Organizer'),
('97', 'Chickpeas'),
('97', 'Quinoa and Kale Salad Kit'),
('97', 'Organic Cereal Bars'),
('97', 'Portable Folding Picnic Table'),
('97', 'Flavored Instant Oatmeal'),
('97', 'Multi-Purpose Plant Care Tool'),
('97', 'Wireless Security Camera'),
('97', 'Sliced Olives'),
('97', 'Rechargeable Laptop Battery Pack'),
('97', 'Travel Jewelry Organizer'),
('97', 'Digital Meat Thermometer'),
('97', 'Electric Kettle with Temperature Control'),
('97', 'Laundry Detergent'),
('97', 'Workstation Laptop Stand'),
('97', 'Rice Noodles'),
('97', 'Grilled Veggie Burgers'),
('97', 'Teriyaki Chicken Stir-Fry'),
('97', 'LED Flashlight with Rechargeable Batteries'),
('97', 'Digital Photo Frame'),
('97', 'Comfortable Jogger Pants'),
('97', 'Lightweight Travel Backpack'),
('89', 'Sliced Cucumbers'),
('89', 'Almond Flour Pancake Mix'),
('89', 'Coconut Granola'),
('89', 'Smartphone Gimbal'),
('89', 'Classic Pumps'),
('89', 'Dog Training Collar'),
('89', 'Sweet BBQ Dipping Sauce'),
('89', 'Fall-Themed Table Runner'),
('89', 'Instant Mashed Potatoes'),
('89', 'Spicy Thai Noodles'),
('89', 'Honey mustard chicken tenders'),
('89', 'Patterned Knit Scarf'),
('38', 'Rustic Italian Bread'),
('38', 'Pasta Sauce Mix'),
('38', 'Collapsible Folding Chair'),
('38', 'Portable Phone Mug Holder'),
('38', 'Streaming Device'),
('38', 'Leek and Potato Soup'),
('38', 'Kids'' Trampoline'),
('38', 'Ceramic Bakeware Set'),
('4', 'Chic Ankle Strap Heels'),
('4', 'Wild Rice Pilaf'),
('4', 'Pet Food Storage Container'),
('4', 'Baby Monitor'),
('4', 'Caramelized Onion Dip Mix'),
('4', 'Organic Tomato Ketchup'),
('4', 'Vanilla Ice Cream'),
('4', 'Folding Pocket Knife'),
('4', 'Buffalo Stilton Cheese'),
('4', 'Board Game Storage'),
('4', 'Vegetable Fried Rice'),
('4', 'Wildflower Honey'),
('4', 'Vegetable Pizza Rolls'),
('4', 'Lemon Herb Chicken'),
('4', 'Decorative Throw Blanket'),
('4', 'Basic V-Neck T-Shirt'),
('4', 'Silicone Baking Cups'),
('4', 'Non-Stick Crepe Pan'),
('23', 'Mini Cordless Vacuum Cleaner'),
('23', 'Foldable Picnic Table'),
('23', 'Hand Mixer'),
('23', 'Honey Sesame Chicken Mix'),
('23', 'Frozen Cauliflower Rice'),
('23', 'Pepperoni Pizza Roll-Ups'),
('23', 'Over-the-Door Shoe Organizer'),
('40', 'Chickpeas'),
('40', 'Stainless Steel Water Pitcher'),
('40', 'Camping Lantern'),
('40', 'Ice Cube Tray with Lid'),
('40', 'Buffalo Chicken Wraps'),
('40', 'Waffle Maker'),
('40', 'Fitbit Activity Tracker'),
('40', 'Watercolor Paint Set'),
('40', 'Garlic Butter Sauce'),
('40', 'Active Racerback Tank'),
('40', 'Buffalo Cauliflower Wings'),
('40', 'Handheld Vacuum'),
('40', 'Spicy Chicken Wings'),
('40', 'Handmade Leather Wallet'),
('40', 'Fresh Cilantro'),
('40', 'Vegetable Korma'),
('40', 'Buttermilk Pancakes'),
('40', 'Almond Flour Bread Mix'),
('40', 'Pasta (Fusilli)'),
('40', 'Two-Tier Fruit Basket'),
('40', 'Mediterranean Olives'),
('40', 'Pet Training Pads'),
('40', 'Gluten-Free Biscuits'),
('79', 'Quinoa and Kale Salad Kit'),
('79', 'Granulated Sugar'),
('79', 'Sliced Bell Peppers'),
('79', 'Sliced Cucumbers'),
('79', 'Ceramic Bakeware Set'),
('79', 'Chic Ankle Strap Heels'),
('79', 'Over-the-Door Shoe Organizer'),
('79', 'Chickpeas'),
('79', 'Organic Cereal Bars'),
('79', 'Portable Folding Picnic Table'),
('79', 'Flavored Instant Oatmeal'),
('79', 'Multi-Purpose Plant Care Tool'),
('79', 'Wireless Security Camera'),
('79', 'Sliced Olives'),
('79', 'Rechargeable Laptop Battery Pack'),
('79', 'Travel Jewelry Organizer'),
('79', 'Digital Meat Thermometer'),
('79', 'Electric Kettle with Temperature Control'),
('79', 'Laundry Detergent'),
('79', 'Workstation Laptop Stand'),
('79', 'Rice Noodles'),
('79', 'Grilled Veggie Burgers'),
('79', 'Teriyaki Chicken Stir-Fry'),
('79', 'LED Flashlight with Rechargeable Batteries'),
('79', 'Digital Photo Frame'),
('79', 'Comfortable Jogger Pants'),
('79', 'Lightweight Travel Backpack'),
('1', 'Organic Cereal Bars'),
('1', 'Almond Flour Pancake Mix'),
('1', 'Coconut Granola'),
('1', 'Smartphone Gimbal'),
('1', 'Classic Pumps'),
('1', 'Dog Training Collar'),
('1', 'Sweet BBQ Dipping Sauce'),
('1', 'Fall-Themed Table Runner'),
('1', 'Instant Mashed Potatoes'),
('1', 'Spicy Thai Noodles'),
('1', 'Honey mustard chicken tenders'),
('1', 'Patterned Knit Scarf'),
('85', 'Rustic Italian Bread'),
('85', 'Pasta Sauce Mix'),
('85', 'Collapsible Folding Chair'),
('85', 'Portable Phone Mug Holder'),
('85', 'Streaming Device'),
('85', 'Leek and Potato Soup'),
('85', 'Kids'' Trampoline'),
('85', 'Wild Rice Pilaf'),
('85', 'Pet Food Storage Container'),
('85', 'Baby Monitor'),
('85', 'Caramelized Onion Dip Mix'),
('85', 'Organic Tomato Ketchup'),
('85', 'Vanilla Ice Cream'),
('85', 'Folding Pocket Knife'),
('85', 'Buffalo Stilton Cheese'),
('85', 'Board Game Storage'),
('85', 'Vegetable Fried Rice'),
('85', 'Wildflower Honey'),
('85', 'Vegetable Pizza Rolls'),
('85', 'Lemon Herb Chicken'),
('85', 'Decorative Throw Blanket'),
('85', 'Basic V-Neck T-Shirt'),
('85', 'Silicone Baking Cups'),
('85', 'Non-Stick Crepe Pan'),
('54', 'Mini Cordless Vacuum Cleaner'),
('54', 'Foldable Picnic Table'),
('54', 'Hand Mixer'),
('54', 'Honey Sesame Chicken Mix'),
('54', 'Frozen Cauliflower Rice'),
('54', 'Pepperoni Pizza Roll-Ups'),
('54', 'Stainless Steel Water Pitcher'),
('54', 'Camping Lantern'),
('54', 'Ice Cube Tray with Lid'),
('54', 'Buffalo Chicken Wraps'),
('54', 'Waffle Maker'),
('54', 'Fitbit Activity Tracker'),
('54', 'Watercolor Paint Set'),
('54', 'Garlic Butter Sauce'),
('54', 'Active Racerback Tank'),
('54', 'Buffalo Cauliflower Wings'),
('54', 'Handheld Vacuum'),
('54', 'Spicy Chicken Wings'),
('54', 'Handmade Leather Wallet'),
('54', 'Fresh Cilantro'),
('54', 'Vegetable Korma'),
('54', 'Buttermilk Pancakes'),
('54', 'Almond Flour Bread Mix'),
('54', 'Pasta (Fusilli)'),
('54', 'Two-Tier Fruit Basket'),
('54', 'Mediterranean Olives'),
('54', 'Pet Training Pads'),
('54', 'Gluten-Free Biscuits'),
('50', 'Portable Folding Picnic Table'),
('50', 'Flavored Instant Oatmeal'),
('50', 'Multi-Purpose Plant Care Tool'),
('50', 'Wireless Security Camera'),
('50', 'Sliced Olives'),
('50', 'Rechargeable Laptop Battery Pack'),
('50', 'Travel Jewelry Organizer'),
('50', 'Digital Meat Thermometer'),
('50', 'Electric Kettle with Temperature Control'),
('50', 'Laundry Detergent'),
('50', 'Workstation Laptop Stand'),
('50', 'Rice Noodles'),
('50', 'Grilled Veggie Burgers'),
('50', 'Teriyaki Chicken Stir-Fry'),
('50', 'LED Flashlight with Rechargeable Batteries'),
('50', 'Digital Photo Frame'),
('50', 'Comfortable Jogger Pants'),
('50', 'Lightweight Travel Backpack'),
('51', 'Flavored Instant Oatmeal'),
('51', 'Multi-Purpose Plant Care Tool'),
('51', 'Wireless Security Camera'),
('51', 'Sliced Olives'),
('51', 'Rechargeable Laptop Battery Pack'),
('51', 'Travel Jewelry Organizer'),
('51', 'Digital Meat Thermometer'),
('51', 'Electric Kettle with Temperature Control'),
('51', 'Laundry Detergent'),
('51', 'Workstation Laptop Stand'),
('51', 'Rice Noodles'),
('51', 'Grilled Veggie Burgers'),
('51', 'Teriyaki Chicken Stir-Fry'),
('51', 'LED Flashlight with Rechargeable Batteries'),
('51', 'Digital Photo Frame'),
('51', 'Comfortable Jogger Pants'),
('51', 'Lightweight Travel Backpack'),
('9', 'Multi-Purpose Plant Care Tool'),
('9', 'Wireless Security Camera'),
('9', 'Sliced Olives'),
('9', 'Rechargeable Laptop Battery Pack'),
('9', 'Travel Jewelry Organizer'),
('9', 'Digital Meat Thermometer'),
('9', 'Electric Kettle with Temperature Control'),
('9', 'Laundry Detergent'),
('9', 'Workstation Laptop Stand'),
('9', 'Rice Noodles'),
('9', 'Grilled Veggie Burgers'),
('9', 'Teriyaki Chicken Stir-Fry'),
('9', 'LED Flashlight with Rechargeable Batteries'),
('9', 'Digital Photo Frame'),
('9', 'Comfortable Jogger Pants'),
('9', 'Lightweight Travel Backpack'),
('56', 'Wireless Security Camera'),
('56', 'Sliced Olives'),
('56', 'Rechargeable Laptop Battery Pack'),
('56', 'Travel Jewelry Organizer'),
('56', 'Digital Meat Thermometer'),
('56', 'Electric Kettle with Temperature Control'),
('56', 'Laundry Detergent'),
('56', 'Workstation Laptop Stand'),
('56', 'Rice Noodles'),
('56', 'Grilled Veggie Burgers'),
('56', 'Teriyaki Chicken Stir-Fry'),
('56', 'LED Flashlight with Rechargeable Batteries'),
('56', 'Digital Photo Frame'),
('56', 'Comfortable Jogger Pants'),
('56', 'Lightweight Travel Backpack'),
('66', 'Sliced Olives'),
('66', 'Rechargeable Laptop Battery Pack'),
('66', 'Travel Jewelry Organizer'),
('66', 'Digital Meat Thermometer'),
('66', 'Electric Kettle with Temperature Control'),
('66', 'Laundry Detergent'),
('66', 'Workstation Laptop Stand'),
('66', 'Rice Noodles'),
('66', 'Grilled Veggie Burgers'),
('66', 'Teriyaki Chicken Stir-Fry'),
('66', 'LED Flashlight with Rechargeable Batteries'),
('66', 'Digital Photo Frame'),
('66', 'Comfortable Jogger Pants'),
('66', 'Lightweight Travel Backpack'),
('70', 'Rechargeable Laptop Battery Pack'),
('70', 'Travel Jewelry Organizer'),
('70', 'Digital Meat Thermometer'),
('70', 'Electric Kettle with Temperature Control'),
('70', 'Laundry Detergent'),
('70', 'Workstation Laptop Stand'),
('70', 'Rice Noodles'),
('70', 'Grilled Veggie Burgers'),
('70', 'Teriyaki Chicken Stir-Fry'),
('70', 'LED Flashlight with Rechargeable Batteries'),
('70', 'Digital Photo Frame'),
('70', 'Comfortable Jogger Pants'),
('70', 'Lightweight Travel Backpack'),
('63', 'Travel Jewelry Organizer'),
('63', 'Digital Meat Thermometer'),
('63', 'Electric Kettle with Temperature Control'),
('63', 'Laundry Detergent'),
('63', 'Workstation Laptop Stand'),
('63', 'Rice Noodles'),
('63', 'Grilled Veggie Burgers'),
('63', 'Teriyaki Chicken Stir-Fry'),
('63', 'LED Flashlight with Rechargeable Batteries'),
('63', 'Digital Photo Frame'),
('63', 'Comfortable Jogger Pants'),
('63', 'Lightweight Travel Backpack'),
('82', 'Organic Cereal Bars'),
('82', 'Almond Flour Pancake Mix'),
('82', 'Coconut Granola'),
('82', 'Smartphone Gimbal'),
('82', 'Classic Pumps'),
('82', 'Dog Training Collar'),
('82', 'Sweet BBQ Dipping Sauce'),
('82', 'Fall-Themed Table Runner'),
('82', 'Instant Mashed Potatoes'),
('82', 'Spicy Thai Noodles'),
('82', 'Honey mustard chicken tenders'),
('82', 'Digital Meat Thermometer'),
('98', 'Electric Kettle with Temperature Control'),
('98', 'Laundry Detergent'),
('98', 'Workstation Laptop Stand'),
('98', 'Rice Noodles'),
('98', 'Grilled Veggie Burgers'),
('98', 'Teriyaki Chicken Stir-Fry'),
('98', 'LED Flashlight with Rechargeable Batteries'),
('98', 'Digital Photo Frame'),
('98', 'Comfortable Jogger Pants'),
('98', 'Lightweight Travel Backpack'),
('48', 'Organic Cereal Bars'),
('48', 'Almond Flour Pancake Mix'),
('48', 'Coconut Granola'),
('48', 'Smartphone Gimbal'),
('48', 'Classic Pumps'),
('48', 'Dog Training Collar'),
('48', 'Sweet BBQ Dipping Sauce'),
('48', 'Fall-Themed Table Runner'),
('48', 'Instant Mashed Potatoes'),
('48', 'Spicy Thai Noodles'),
('48', 'Laundry Detergent'),
('52', 'Workstation Laptop Stand'),
('52', 'Rice Noodles'),
('52', 'Grilled Veggie Burgers'),
('52', 'Teriyaki Chicken Stir-Fry'),
('52', 'LED Flashlight with Rechargeable Batteries'),
('52', 'Digital Photo Frame'),
('52', 'Comfortable Jogger Pants'),
('52', 'Lightweight Travel Backpack'),
('34', 'Organic Cereal Bars'),
('34', 'Almond Flour Pancake Mix'),
('34', 'Coconut Granola'),
('34', 'Smartphone Gimbal'),
('34', 'Classic Pumps'),
('34', 'Dog Training Collar'),
('34', 'Sweet BBQ Dipping Sauce'),
('34', 'Fall-Themed Table Runner'),
('34', 'Instant Mashed Potatoes'),
('34', 'Spicy Thai Noodles'),
('34', 'Rice Noodles'),
('87', 'Grilled Veggie Burgers'),
('87', 'Teriyaki Chicken Stir-Fry'),
('87', 'LED Flashlight with Rechargeable Batteries'),
('87', 'Digital Photo Frame'),
('87', 'Comfortable Jogger Pants'),
('87', 'Lightweight Travel Backpack'),
('86', 'Organic Cereal Bars'),
('86', 'Almond Flour Pancake Mix'),
('86', 'Coconut Granola'),
('86', 'Smartphone Gimbal'),
('86', 'Classic Pumps'),
('86', 'Dog Training Collar'),
('86', 'Sweet BBQ Dipping Sauce'),
('86', 'Fall-Themed Table Runner'),
('86', 'Instant Mashed Potatoes'),
('86', 'Spicy Thai Noodles'),
('37', 'Teriyaki Chicken Stir-Fry'),
('37', 'LED Flashlight with Rechargeable Batteries'),
('37', 'Digital Photo Frame'),
('37', 'Comfortable Jogger Pants'),
('37', 'Lightweight Travel Backpack'),
('90', 'Organic Cereal Bars'),
('90', 'Almond Flour Pancake Mix'),
('90', 'Coconut Granola'),
('90', 'Smartphone Gimbal'),
('90', 'Classic Pumps'),
('90', 'Dog Training Collar'),
('90', 'Sweet BBQ Dipping Sauce'),
('90', 'Fall-Themed Table Runner'),
('90', 'Instant Mashed Potatoes'),
('90', 'Spicy Thai Noodles'),
('99', 'LED Flashlight with Rechargeable Batteries'),
('99', 'Digital Photo Frame'),
('99', 'Comfortable Jogger Pants'),
('99', 'Lightweight Travel Backpack'),
('55', 'Rechargeable Laptop Battery Pack'),
('55', 'Travel Jewelry Organizer'),
('55', 'Digital Meat Thermometer'),
('55', 'Electric Kettle with Temperature Control'),
('55', 'Laundry Detergent'),
('55', 'Workstation Laptop Stand'),
('55', 'Rice Noodles'),
('55', 'Grilled Veggie Burgers'),
('55', 'Teriyaki Chicken Stir-Fry'),
('55', 'LED Flashlight with Rechargeable Batteries'),
('55', 'Digital Photo Frame'),
('55', 'Comfortable Jogger Pants'),
('55', 'Lightweight Travel Backpack'),
('67', 'Rechargeable Laptop Battery Pack'),
('67', 'Travel Jewelry Organizer'),
('67', 'Digital Meat Thermometer'),
('67', 'Electric Kettle with Temperature Control'),
('67', 'Laundry Detergent'),
('67', 'Workstation Laptop Stand'),
('67', 'Rice Noodles'),
('67', 'Grilled Veggie Burgers'),
('67', 'Teriyaki Chicken Stir-Fry'),
('67', 'LED Flashlight with Rechargeable Batteries'),
('75', 'Digital Photo Frame'),
('92', 'Comfortable Jogger Pants'),
('92', 'Lightweight Travel Backpack'),
('79', 'Rechargeable Laptop Battery Pack'),
('79', 'Travel Jewelry Organizer'),
('79', 'Digital Meat Thermometer'),
('79', 'Electric Kettle with Temperature Control'),
('79', 'Laundry Detergent'),
('79', 'Workstation Laptop Stand'),
('79', 'Rice Noodles'),
('79', 'Grilled Veggie Burgers'),
('79', 'Teriyaki Chicken Stir-Fry'),
('79', 'LED Flashlight with Rechargeable Batteries'),
('79', 'Digital Photo Frame'),
('79', 'Comfortable Jogger Pants'),
('49', 'Lightweight Travel Backpack'),
('49', 'Organic Cereal Bars'),
('49', 'Almond Flour Pancake Mix'),
('49', 'Coconut Granola'),
('49', 'Smartphone Gimbal'),
('49', 'Classic Pumps'),
('49', 'Dog Training Collar'),
('49', 'Sweet BBQ Dipping Sauce'),
('49', 'Fall-Themed Table Runner'),
('49', 'Instant Mashed Potatoes'),
('49', 'Spicy Thai Noodles'),
('49', 'Honey mustard chicken tenders'),
('49', 'Patterned Knit Scarf'),
('26', 'Rustic Italian Bread'),
('26', 'Pasta Sauce Mix'),
('26', 'Collapsible Folding Chair'),
('26', 'Portable Phone Mug Holder'),
('26', 'Streaming Device'),
('26', 'Leek and Potato Soup'),
('26', 'Kids'' Trampoline'),
('26', 'Almond Flour Pancake Mix'),
('78', 'Coconut Granola'),
('78', 'Smartphone Gimbal'),
('78', 'Classic Pumps'),
('78', 'Dog Training Collar'),
('78', 'Sweet BBQ Dipping Sauce'),
('78', 'Fall-Themed Table Runner'),
('78', 'Instant Mashed Potatoes'),
('78', 'Spicy Thai Noodles'),
('78', 'Honey mustard chicken tenders'),
('78', 'Patterned Knit Scarf'),
('100', 'Rustic Italian Bread'),
('100', 'Pasta Sauce Mix'),
('100', 'Collapsible Folding Chair'),
('100', 'Portable Phone Mug Holder'),
('100', 'Streaming Device'),
('100', 'Leek and Potato Soup'),
('100', 'Kids'' Trampoline'),
('100', 'Wild Rice Pilaf'),
('100', 'Pet Food Storage Container'),
('100', 'Baby Monitor'),
('100', 'Caramelized Onion Dip Mix'),
('100', 'Organic Tomato Ketchup'),
('100', 'Vanilla Ice Cream'),
('100', 'Folding Pocket Knife'),
('100', 'Buffalo Stilton Cheese'),
('100', 'Board Game Storage'),
('100', 'Vegetable Fried Rice'),
('100', 'Wildflower Honey'),
('100', 'Vegetable Pizza Rolls'),
('100', 'Lemon Herb Chicken'),
('100', 'Decorative Throw Blanket'),
('100', 'Basic V-Neck T-Shirt'),
('100', 'Silicone Baking Cups'),
('100', 'Non-Stick Crepe Pan'),
('100', 'Smartphone Gimbal'),
('33', 'Classic Pumps'),
('33', 'Dog Training Collar'),
('33', 'Sweet BBQ Dipping Sauce'),
('33', 'Fall-Themed Table Runner'),
('33', 'Instant Mashed Potatoes'),
('33', 'Spicy Thai Noodles'),
('33', 'Honey mustard chicken tenders'),
('33', 'Patterned Knit Scarf'),
('70', 'Rustic Italian Bread'),
('70', 'Pasta Sauce Mix'),
('70', 'Collapsible Folding Chair'),
('70', 'Portable Phone Mug Holder'),
('70', 'Streaming Device'),
('70', 'Leek and Potato Soup'),
('70', 'Kids'' Trampoline'),
('72', 'Dog Training Collar'),
('72', 'Sweet BBQ Dipping Sauce'),
('72', 'Fall-Themed Table Runner'),
('72', 'Instant Mashed Potatoes'),
('72', 'Spicy Thai Noodles'),
('72', 'Honey mustard chicken tenders'),
('72', 'Patterned Knit Scarf'),
('65', 'Rustic Italian Bread'),
('65', 'Pasta Sauce Mix'),
('65', 'Collapsible Folding Chair'),
('65', 'Portable Phone Mug Holder'),
('65', 'Streaming Device'),
('65', 'Leek and Potato Soup'),
('65', 'Kids'' Trampoline'),
('65', 'Sweet BBQ Dipping Sauce'),
('44', 'Fall-Themed Table Runner'),
('44', 'Instant Mashed Potatoes'),
('44', 'Spicy Thai Noodles'),
('44', 'Honey mustard chicken tenders'),
('44', 'Patterned Knit Scarf'),
('8', 'Rustic Italian Bread'),
('8', 'Pasta Sauce Mix'),
('8', 'Collapsible Folding Chair'),
('8', 'Portable Phone Mug Holder'),
('8', 'Streaming Device'),
('8', 'Leek and Potato Soup'),
('8', 'Kids'' Trampoline'),
('8', 'Wild Rice Pilaf'),
('8', 'Pet Food Storage Container'),
('8', 'Baby Monitor'),
('8', 'Caramelized Onion Dip Mix'),
('8', 'Organic Tomato Ketchup'),
('8', 'Vanilla Ice Cream'),
('8', 'Folding Pocket Knife'),
('8', 'Buffalo Stilton Cheese'),
('8', 'Board Game Storage'),
('8', 'Vegetable Fried Rice'),
('8', 'Wildflower Honey'),
('8', 'Vegetable Pizza Rolls'),
('8', 'Lemon Herb Chicken'),
('8', 'Decorative Throw Blanket'),
('8', 'Instant Mashed Potatoes'),
('85', 'Spicy Thai Noodles'),
('85', 'Honey mustard chicken tenders'),
('85', 'Patterned Knit Scarf'),
('85', 'Granulated Sugar'),
('85', 'Sliced Bell Peppers'),
('85', 'Sliced Cucumbers'),
('85', 'Ceramic Bakeware Set'),
('85', 'Chic Ankle Strap Heels'),
('85', 'Over-the-Door Shoe Organizer'),
('85', 'Chickpeas'),
('85', 'Quinoa and Kale Salad Kit'),
('85', 'Portable Folding Picnic Table'),
('85', 'Flavored Instant Oatmeal'),
('85', 'Multi-Purpose Plant Care Tool'),
('85', 'Wireless Security Camera'),
('85', 'Sliced Olives'),
('85', 'Rechargeable Laptop Battery Pack'),
('85', 'Travel Jewelry Organizer'),
('85', 'Digital Meat Thermometer'),
('85', 'Electric Kettle with Temperature Control'),
('85', 'Laundry Detergent'),
('85', 'Workstation Laptop Stand'),
('85', 'Rice Noodles'),
('85', 'Grilled Veggie Burgers'),
('85', 'Teriyaki Chicken Stir-Fry'),
('85', 'LED Flashlight with Rechargeable Batteries'),
('85', 'Digital Photo Frame'),
('85', 'Comfortable Jogger Pants'),
('85', 'Lightweight Travel Backpack'),
('85', 'Almond Flour Pancake Mix'),
('85', 'Coconut Granola'),
('85', 'Smartphone Gimbal'),
('85', 'Classic Pumps'),
('85', 'Dog Training Collar'),
('85', 'Sweet BBQ Dipping Sauce'),
('85', 'Fall-Themed Table Runner'),
('85', 'Instant Mashed Potatoes'),
('85', 'Spicy Thai Noodles'),
('85', 'Honey mustard chicken tenders'),
('85', 'Patterned Knit Scarf'),
('29', 'Granulated Sugar'),
('29', 'Sliced Bell Peppers'),
('29', 'Sliced Cucumbers'),
('29', 'Ceramic Bakeware Set'),
('29', 'Chic Ankle Strap Heels'),
('29', 'Over-the-Door Shoe Organizer'),
('29', 'Chickpeas'),
('29', 'Quinoa and Kale Salad Kit'),
('29', 'Organic Cereal Bars'),
('29', 'Portable Folding Picnic Table'),
('29', 'Flavored Instant Oatmeal'),
('29', 'Multi-Purpose Plant Care Tool'),
('29', 'Wireless Security Camera'),
('29', 'Sliced Olives'),
('29', 'Rechargeable Laptop Battery Pack'),
('29', 'Travel Jewelry Organizer'),
('29', 'Digital Meat Thermometer'),
('29', 'Electric Kettle with Temperature Control'),
('29', 'Laundry Detergent'),
('29', 'Workstation Laptop Stand'),
('29', 'Rice Noodles'),
('29', 'Grilled Veggie Burgers'),
('29', 'Teriyaki Chicken Stir-Fry'),
('29', 'LED Flashlight with Rechargeable Batteries'),
('29', 'Digital Photo Frame'),
('29', 'Comfortable Jogger Pants'),
('29', 'Lightweight Travel Backpack'),
('29', 'Almond Flour Pancake Mix'),
('29', 'Coconut Granola'),
('29', 'Smartphone Gimbal'),
('29', 'Classic Pumps'),
('29', 'Dog Training Collar'),
('29', 'Sweet BBQ Dipping Sauce'),
('29', 'Fall-Themed Table Runner'),
('29', 'Instant Mashed Potatoes'),
('29', 'Spicy Thai Noodles'),
('29', 'Honey mustard chicken tenders'),
('94', 'Patterned Knit Scarf'),
('94', 'Rustic Italian Bread'),
('94', 'Pasta Sauce Mix'),
('94', 'Collapsible Folding Chair'),
('94', 'Portable Phone Mug Holder'),
('94', 'Streaming Device'),
('94', 'Leek and Potato Soup'),
('94', 'Kids'' Trampoline'),
('94', 'Wild Rice Pilaf'),
('94', 'Pet Food Storage Container'),
('94', 'Baby Monitor'),
('94', 'Caramelized Onion Dip Mix'),
('94', 'Organic Tomato Ketchup'),
('94', 'Vanilla Ice Cream'),
('94', 'Folding Pocket Knife'),
('94', 'Buffalo Stilton Cheese'),
('94', 'Board Game Storage'),
('94', 'Vegetable Fried Rice'),
('94', 'Wildflower Honey'),
('94', 'Vegetable Pizza Rolls'),
('94', 'Lemon Herb Chicken'),
('94', 'Decorative Throw Blanket'),
('13', 'Rustic Italian Bread'),
('13', 'Pasta Sauce Mix'),
('13', 'Collapsible Folding Chair'),
('13', 'Portable Phone Mug Holder'),
('13', 'Streaming Device'),
('13', 'Leek and Potato Soup'),
('13', 'Kids'' Trampoline'),
('13', 'Wild Rice Pilaf'),
('13', 'Pet Food Storage Container'),
('13', 'Baby Monitor'),
('13', 'Caramelized Onion Dip Mix'),
('13', 'Organic Tomato Ketchup'),
('13', 'Vanilla Ice Cream'),
('13', 'Folding Pocket Knife'),
('13', 'Buffalo Stilton Cheese'),
('13', 'Board Game Storage'),
('13', 'Vegetable Fried Rice'),
('13', 'Wildflower Honey'),
('13', 'Vegetable Pizza Rolls'),
('13', 'Lemon Herb Chicken'),
('13', 'Decorative Throw Blanket'),
('27', 'Pasta Sauce Mix'),
('27', 'Collapsible Folding Chair'),
('27', 'Portable Phone Mug Holder'),
('27', 'Streaming Device'),
('27', 'Leek and Potato Soup'),
('27', 'Kids'' Trampoline'),
('27', 'Wild Rice Pilaf'),
('27', 'Pet Food Storage Container'),
('27', 'Baby Monitor'),
('27', 'Caramelized Onion Dip Mix'),
('27', 'Organic Tomato Ketchup'),
('27', 'Vanilla Ice Cream'),
('27', 'Folding Pocket Knife'),
('27', 'Buffalo Stilton Cheese'),
('27', 'Board Game Storage'),
('27', 'Vegetable Fried Rice'),
('27', 'Wildflower Honey'),
('27', 'Vegetable Pizza Rolls'),
('27', 'Lemon Herb Chicken'),
('27', 'Decorative Throw Blanket'),
('30', 'Collapsible Folding Chair'),
('30', 'Portable Phone Mug Holder'),
('30', 'Streaming Device'),
('30', 'Leek and Potato Soup'),
('30', 'Kids'' Trampoline'),
('30', 'Wild Rice Pilaf'),
('30', 'Pet Food Storage Container'),
('30', 'Baby Monitor'),
('30', 'Caramelized Onion Dip Mix'),
('30', 'Organic Tomato Ketchup'),
('30', 'Vanilla Ice Cream'),
('30', 'Folding Pocket Knife'),
('30', 'Buffalo Stilton Cheese'),
('30', 'Board Game Storage'),
('30', 'Vegetable Fried Rice'),
('30', 'Wildflower Honey'),
('30', 'Vegetable Pizza Rolls'),
('30', 'Lemon Herb Chicken'),
('30', 'Decorative Throw Blanket'),
('55', 'Portable Solar Charger'),
('55', 'Smartphone Gimbal'),
('55', 'Classic Pumps'),
('55', 'Dog Training Collar'),
('55', 'Sweet BBQ Dipping Sauce'),
('55', 'Fall-Themed Table Runner'),
('55', 'Instant Mashed Potatoes'),
('55', 'Spicy Thai Noodles'),
('55', 'Honey mustard chicken tenders'),
('55', 'Patterned Knit Scarf'),
('85', 'Portable Solar Charger'),
('85', 'Smartphone Gimbal'),
('85', 'Classic Pumps'),
('85', 'Dog Training Collar'),
('85', 'Sweet BBQ Dipping Sauce'),
('85', 'Fall-Themed Table Runner'),
('85', 'Instant Mashed Potatoes'),
('85', 'Spicy Thai Noodles'),
('85', 'Honey mustard chicken tenders'),
('85', 'Patterned Knit Scarf'),
('45', 'Watercolor Brush Pens'),
('45', 'Rechargeable Laptop Battery Pack'),
('45', 'Travel Jewelry Organizer'),
('45', 'Digital Meat Thermometer'),
('45', 'Electric Kettle with Temperature Control'),
('45', 'Laundry Detergent'),
('45', 'Workstation Laptop Stand'),
('45', 'Rice Noodles'),
('45', 'Grilled Veggie Burgers'),
('45', 'Teriyaki Chicken Stir-Fry'),
('45', 'LED Flashlight with Rechargeable Batteries'),
('45', 'Digital Photo Frame'),
('45', 'Comfortable Jogger Pants'),
('45', 'Lightweight Travel Backpack'),
('55', 'Almond Flour Pancake Mix'),
('55', 'Coconut Granola'),
('55', 'Smartphone Gimbal'),
('55', 'Classic Pumps'),
('55', 'Dog Training Collar'),
('55', 'Sweet BBQ Dipping Sauce'),
('55', 'Fall-Themed Table Runner'),
('55', 'Instant Mashed Potatoes'),
('55', 'Spicy Thai Noodles'),
('57', 'Gardening Tools Set'),
('57', 'Portable Solar Charger'),
('57', 'Smartphone Gimbal'),
('57', 'Classic Pumps'),
('57', 'Dog Training Collar'),
('57', 'Sweet BBQ Dipping Sauce'),
('57', 'Fall-Themed Table Runner'),
('57', 'Instant Mashed Potatoes'),
('57', 'Spicy Thai Noodles'),
('57', 'Honey mustard chicken tenders'),
('57', 'Patterned Knit Scarf'),
('79', 'Portable Solar Charger'),
('79', 'Smartphone Gimbal'),
('79', 'Classic Pumps'),
('79', 'Dog Training Collar'),
('79', 'Sweet BBQ Dipping Sauce'),
('79', 'Fall-Themed Table Runner'),
('79', 'Instant Mashed Potatoes'),
('79', 'Spicy Thai Noodles'),
('79', 'Honey mustard chicken tenders'),
('79', 'Patterned Knit Scarf'),
('79', 'Granulated Sugar'),
('79', 'Sliced Bell Peppers'),
('79', 'Sliced Cucumbers'),
('79', 'Ceramic Bakeware Set'),
('79', 'Chic Ankle Strap Heels'),
('79', 'Over-the-Door Shoe Organizer'),
('79', 'Chickpeas'),
('79', 'Quinoa and Kale Salad Kit'),
('79', 'Portable Folding Picnic Table'),
('79', 'Flavored Instant Oatmeal'),
('79', 'Multi-Purpose Plant Care Tool'),
('79', 'Wireless Security Camera'),
('79', 'Sliced Olives'),
('79', 'Rechargeable Laptop Battery Pack'),
('79', 'Travel Jewelry Organizer'),
('79', 'Digital Meat Thermometer'),
('79', 'Electric Kettle with Temperature Control'),
('79', 'Laundry Detergent'),
('79', 'Workstation Laptop Stand'),
('79', 'Rice Noodles'),
('79', 'Grilled Veggie Burgers'),
('79', 'Teriyaki Chicken Stir-Fry'),
('79', 'LED Flashlight with Rechargeable Batteries'),
('79', 'Digital Photo Frame'),
('79', 'Comfortable Jogger Pants'),
('79', 'Lightweight Travel Backpack'),
('62', 'Infrared Space Heater'),
('17', 'Wooden Toy Train Set'),
('11', 'Guitar Tuner'),
('28', 'BBQ Sauce'),
('22', 'Corn Tortillas'),
('47', 'Roasted Sweet Corn'),
('31', 'Portable Phone Mug Holder'),
('18', 'Streaming Device'),
('15', 'Leek and Potato Soup'),
('53', 'Kids'' Trampoline'),
('84', 'Wild Rice Pilaf'),
('12', 'Pet Food Storage Container'),
('74', 'Baby Monitor'),
('71', 'Caramelized Onion Dip Mix'),
('58', 'Organic Tomato Ketchup'),
('39', 'Vanilla Ice Cream'),
('3', 'Folding Pocket Knife'),
('59', 'Buffalo Stilton Cheese'),
('42', 'Board Game Storage'),
('88', 'Vegetable Fried Rice'),
('32', 'Wildflower Honey'),
('91', 'Vegetable Pizza Rolls'),
('80', 'Lemon Herb Chicken'),
('20', 'Decorative Throw Blanket'),
('86', 'Basic V-Neck T-Shirt'),
('25', 'Silicone Baking Cups'),
('24', 'Non-Stick Crepe Pan'),
('5', 'Mini Cordless Vacuum Cleaner'),
('7', 'Foldable Picnic Table'),
('93', 'Hand Mixer'),
('95', 'Honey Sesame Chicken Mix'),
('6', 'Frozen Cauliflower Rice'),
('16', 'Pepperoni Pizza Roll-Ups'),
('46', 'Stainless Steel Water Pitcher'),
('35', 'Camping Lantern'),
('21', 'Ice Cube Tray with Lid'),
('61', 'Buffalo Chicken Wraps'),
('54', 'Waffle Maker'),
('60', 'Fitbit Activity Tracker'),
('90', 'Watercolor Paint Set'),
('73', 'Garlic Butter Sauce'),
('10', 'Active Racerback Tank'),
('14', 'Buffalo Cauliflower Wings'),
('43', 'Handheld Vacuum'),
('19', 'Spicy Chicken Wings'),
('82', 'Handmade Leather Wallet'),
('83', 'Fresh Cilantro'),
('84', 'Vegetable Korma'),
('85', 'Buttermilk Pancakes'),
('86', 'Almond Flour Bread Mix'),
('87', 'Pasta (Fusilli)'),
('88', 'Two-Tier Fruit Basket'),
('89', 'Mediterranean Olives'),
('90', 'Pet Training Pads'),
('91', 'Gluten-Free Biscuits'),
('92', 'Portable Solar Charger'),
('93', 'Smartphone Gimbal'),
('94', 'Classic Pumps'),
('95', 'Dog Training Collar'),
('96', 'Sweet BBQ Dipping Sauce'),
('97', 'Fall-Themed Table Runner'),
('98', 'Instant Mashed Potatoes'),
('99', 'Spicy Thai Noodles'),
('83', 'Handmade Leather Wallet'),
('41', 'Fresh Cilantro'),
('2', 'Vegetable Korma'),
('64', 'Buttermilk Pancakes'),
('76', 'Almond Flour Bread Mix'),
('96', 'Pasta (Fusilli)'),
('68', 'Two-Tier Fruit Basket'),
('67', 'Mediterranean Olives'),
('77', 'Pet Training Pads'),
('69', 'Gluten-Free Biscuits'),
('69', 'Portable Solar Charger'),
('69', 'Smartphone Gimbal'),
('69', 'Classic Pumps'),
('69', 'Dog Training Collar'),
('69', 'Sweet BBQ Dipping Sauce'),
('69', 'Fall-Themed Table Runner'),
('69', 'Instant Mashed Potatoes'),
('69', 'Spicy Thai Noodles'),
('69', 'Honey mustard chicken tenders'),
('69', 'Patterned Knit Scarf'),
('36', 'Granulated Sugar'),
('36', 'Sliced Bell Peppers'),
('36', 'Sliced Cucumbers'),
('36', 'Ceramic Bakeware Set'),
('36', 'Chic Ankle Strap Heels'),
('36', 'Over-the-Door Shoe Organizer'),
('36', 'Chickpeas'),
('36', 'Quinoa and Kale Salad Kit'),
('36', 'Portable Folding Picnic Table'),
('36', 'Flavored Instant Oatmeal'),
('36', 'Multi-Purpose Plant Care Tool'),
('36', 'Wireless Security Camera'),
('36', 'Sliced Olives'),
('36', 'Rechargeable Laptop Battery Pack'),
('36', 'Travel Jewelry Organizer'),
('36', 'Digital Meat Thermometer'),
('36', 'Electric Kettle with Temperature Control'),
('36', 'Laundry Detergent'),
('36', 'Workstation Laptop Stand'),
('36', 'Rice Noodles'),
('36', 'Grilled Veggie Burgers'),
('36', 'Teriyaki Chicken Stir-Fry'),
('36', 'LED Flashlight with Rechargeable Batteries'),
('36', 'Digital Photo Frame'),
('36', 'Comfortable Jogger Pants'),
('36', 'Lightweight Travel Backpack'),
('36', 'Almond Flour Pancake Mix'),
('36', 'Coconut Granola'),
('36', 'Smartphone Gimbal'),
('36', 'Classic Pumps'),
('36', 'Dog Training Collar'),
('36', 'Sweet BBQ Dipping Sauce'),
('36', 'Fall-Themed Table Runner'),
('36', 'Instant Mashed Potatoes'),
('36', 'Spicy Thai Noodles'),
('36', 'Honey mustard chicken tenders'),
('36', 'Cranberry Pecan Granola');


-- fabricate-flush


INSERT INTO ticket (idTicket, idCliente, rfc) VALUES
('1', '28', 'CUBP350124L6C'),
('2', '7', 'VPMM6708923K0'),
('3', '44', 'AEOR899119ZFG'),
('4', '91', 'QGRM569246R2I'),
('5', '5', 'QGRM569246R2I'),
('6', '99', 'NFQL182366HOS'),
('7', '35', 'ABTO686044MB9'),
('8', '5', 'QTGV045468XL1'),
('9', '2', 'XSJB3886109KC'),
('10', '5', 'QSNR932142D4P'),
('11', '74', 'DLCG480322B5G'),
('12', '83', 'NQMV372982JDK'),
('13', '92', 'MHHW087298AIY'),
('14', '5', 'HVYT872348HAL'),
('15', '81', 'EYVK324515AH2'),
('16', '80', 'BPVT720967CH4'),
('17', '5', 'NQMV372982JDK'),
('18', '96', 'CICD287390U42'),
('19', '56', 'GALI408381HSK'),
('20', '5', 'DFPE094162W08'),
('21', '15', 'QYMY809272B7C'),
('22', '5', 'OLAM892128JWZ'),
('23', '61', 'WHJN187638D2H'),
('24', '63', 'REEA8028708M9'),
('25', '5', 'YUXO759451W0F'),
('26', '86', 'VNNN1790556PO'),
('27', '3', 'RVSW7873457MP'),
('28', '89', 'UWAO737647JB8'),
('29', '9', 'EXAD420949D9S'),
('30', '5', 'RVSW7873457MP'),
('31', '65', 'LTRC1501086FG'),
('32', '47', 'UWAO737647JB8'),
('33', '52', 'YUXO759451W0F'),
('34', '51', 'SNEX913152KJR'),
('35', '5', 'SNNK059967M2U'),
('36', '90', 'AWFA65788404Y'),
('37', '37', 'MLQX134125KLE'),
('38', '60', 'FFTZ526501N6L'),
('39', '36', 'NLOJ9670814DX'),
('40', '32', 'LZVW082317YWC'),
('41', '5', 'GUPJ792867YSF'),
('42', '5', 'DLCG480322B5G'),
('43', '29', 'CIZH011116AN2'),
('44', '49', 'QNLR055402H44'),
('45', '87', 'WHJN187638D2H'),
('46', '13', 'UZMC514047YM8'),
('47', '38', 'GEMI936258QCX'),
('48', '40', 'DZTH855740P0C'),
('49', '79', 'PIJE608530YCM'),
('50', '88', 'IHYA715008EXP'),
('51', '95', 'YMJP7281733E2'),
('52', '1', 'XOZN356962M4T'),
('53', '26', 'HVYT872348HAL'),
('54', '42', 'QKWY2999714MR'),
('55', '30', 'YLMZ149885MVA'),
('56', '98', 'GDCD175915FH7'),
('57', '69', 'PLLU9530790UC'),
('58', '6', 'ZDCU510396L6E'),
('59', '46', 'VRJE3083679AK'),
('60', '55', 'VPMM6708923K0'),
('61', '94', 'ABTO686044MB9'),
('62', '31', 'TVXY716063LQO'),
('63', '71', 'QTGV045468XL1'),
('64', '11', 'TVXY716063LQO'),
('65', '20', 'OQJJ301102QDR'),
('66', '57', 'YMJP7281733E2'),
('67', '43', 'ISNZ118154ZYV'),
('68', '19', 'CMBL9259299DB'),
('69', '39', 'XSJB3886109KC'),
('70', '54', 'HXUT959080LJQ'),
('71', '8', 'OOZP361104TSH'),
('72', '12', 'HQVP431391JO9'),
('73', '48', 'DZTH855740P0C'),
('74', '10', 'KQLG236280MIL'),
('75', '72', 'JCYY721121885'),
('76', '17', 'ZGRY51249842I'),
('77', '22', 'ZDCU510396L6E'),
('78', '67', 'WHJN187638D2H'),
('79', '70', 'GEMI936258QCX'),
('80', '77', 'XZJZ747169JUM'),
('81', '4', 'SNNK059967M2U'),
('82', '66', 'WVME5908499GU'),
('83', '53', 'SJKG362520EIW'),
('84', '85', 'CMBL9259299DB'),
('85', '58', 'JYDJ135006XDN'),
('86', '59', 'AEOR899119ZFG'),
('87', '100', 'EXMJ410859O4J'),
('88', '41', 'TDND9695524NA'),
('89', '27', 'BYAM696767F3G'),
('90', '18', 'FULD228007I9X'),
('91', '82', 'CDML744961CGQ'),
('92', '23', 'GEMI936258QCX'),
('93', '97', 'FIJI799700O7W'),
('94', '25', 'KHYY182714DDA'),
('95', '78', 'SNEX913152KJR'),
('96', '14', 'NUIX540858WYC'),
('97', '24', 'BPVT720967CH4'),
('98', '64', 'DFZN9723506RQ'),
('99', '62', 'TTXH983210G1G'),
('100', '73', 'AWFA65788404Y'),
('101', '5', 'WHJN187638D2H'),
('102', '5', 'WHJN187638D2H'),
('103', '5', 'WHJN187638D2H'),
('104', '5', 'WHJN187638D2H'),
('105', '5', 'WHJN187638D2H'),
('106', '62', 'WHJN187638D2H'),
('107', '64', 'WHJN187638D2H'),
('108', '14', 'WHJN187638D2H'),
('109', '14', 'WHJN187638D2H'),
('110', '25', 'WHJN187638D2H'),
('111', '25', 'WHJN187638D2H'),
('112', '39', 'WHJN187638D2H'),
('113', '39', 'WHJN187638D2H'),
('114', '5', 'WHJN187638D2H'),
('115', '5', 'WHJN187638D2H'),
('116', '39', 'WHJN187638D2H'),
('117', '39', 'WHJN187638D2H'),
('118', '44', 'WHJN187638D2H'),
('119', '44', 'WHJN187638D2H'),
('120', '5', 'WHJN187638D2H'),
('121', '5', 'WHJN187638D2H'),
('122', '5', 'WHJN187638D2H'),
('123', '5', 'WHJN187638D2H'),
('124', '5', 'WHJN187638D2H'),
('125', '5', 'WHJN187638D2H'),
('126', '5', 'WHJN187638D2H'),
('127', '5', 'WHJN187638D2H'),
('128', '5', 'WHJN187638D2H'),
('129', '5', 'WHJN187638D2H'),
('130', '5', 'WHJN187638D2H');

-- fabricate-flush


INSERT INTO trabajarLimpieza (idBazar, rfc) VALUES
('24', 'DMHGXF3YB8EM7'),
('63', 'TPU108XJVNFER'),
('7', 'ZFB0LSX2H0UKO'),
('76', 'UQEDWMQRT6GAF'),
('31', 'UQEDWMQRT6GAF'),
('15', 'UQEDWMQRT6GAF'),
('31', 'NDZQKVVC89RJ6'),
('15', 'YOIXKDK8IVQHA'),
('19', 'K7W8IPFZ4KWMT'),
('2', '4HIMWQA0NHSIC'),
('55', 'G3N0JKQD8K1UD'),
('38', '82DVOZICAM1UV'),
('21', 'BWOOSUQ9OUTM3'),
('52', 'BWOOSUQ9OUTM3'),
('98', 'BWOOSUQ9OUTM3'),
('77', 'BWOOSUQ9OUTM3'),
('59', 'BWOOSUQ9OUTM3'),
('52', 'MAK2Q9WAXY132'),
('98', 'B3ZPUM90AQMX4'),
('77', 'NQNYAO2GMNLMM'),
('59', '1CK952JMTTO9S'),
('92', 'WW5UJ0NK6YRH5'),
('42', 'NG72D15ZDHSUD'),
('5', 'D9AB0CWTX3OI8'),
('4', 'CTAPS8WIMR20K'),
('43', 'CTAPS8WIMR20K'),
('52', 'CTAPS8WIMR20K'),
('43', 'GM8CDWJVFER1D'),
('49', 'V0BEBSZTDI6LX'),
('69', 'UINZXN8K458O6'),
('8', '3T6ZFI29YVZMR'),
('10', 'KY89U8VWPW4I2'),
('75', 'K3A8A8ITYO1DN'),
('58', '7HS9VTUT7HND5'),
('64', 'EO545SI9DKCQH'),
('100', 'B9WW9WMGOYQE2'),
('81', 'F4MDPCLRMCSGU'),
('93', 'I4BJM64RMOQAY'),
('25', 'T39999BZYE7S9'),
('62', 'A4K1ACWZ6NSLC'),
('89', 'TXKQJ5LVKHN84'),
('34', 'Z5JXH10D9L2C2'),
('79', 'H94DJ2LFN0VFR'),
('29', 'U9CX5FH43CG8C'),
('1', 'SHPB7WTGRC4S3'),
('27', 'ZIM9DW5ITK9RM'),
('95', 'R342EL9NEF0TY'),
('83', 'FAULY7B930AU6'),
('11', 'Z616K5FHDD4TV'),
('18', 'T30Z6U1MY9NQ5'),
('45', 'O40AS45I5JU6V'),
('37', '74ULOUES90XM0'),
('99', 'BPZJN48I8NMVZ'),
('97', 'JK6QZDQSTS7IM'),
('65', 'C87BSKAN8QGD7'),
('80', 'XLCNQGDPL8Z5D'),
('12', '78YGIOZ8DLKX7'),
('40', 'FY7E58VWQJ2T1'),
('84', 'BC7UKB4MQY54F'),
('56', 'SAQMDUECICOOC'),
('91', 'OQ1V3GBIVU8WC'),
('90', 'TR5QEC8NEV32J'),
('68', 'L3AMIURHFIG69'),
('82', 'DYC1FNS7MNSZJ'),
('73', 'Z5OKFDVIM27GX'),
('60', '8QE6229L4VYIO'),
('14', 'UMD311KGWKQFW'),
('33', '8WULGH8ZLIRHH'),
('72', 'KWCIFRLX21XR5'),
('48', 'N5CH7736OYKCE'),
('36', 'E67JG7G7F1E8Z'),
('22', 'LNILBTNM5ALFA'),
('71', '35ZAZSBZGGA5S'),
('44', 'FU0O8FBZVJBK2'),
('87', '95JLQDJNA0CFJ'),
('13', 'FXRHWGM3D94JV'),
('23', 'SM0T1PTJW95GG'),
('17', 'RT29PJW4PKV1F'),
('53', 'UHHILF57ASGQ2'),
('61', '8QOHV04C9XZVP'),
('66', '8QDW1RALKOE5R'),
('96', 'LLUAGKK89P28O'),
('88', 'VSOLROCNMANOB'),
('30', 'AJJUNJPP2IYZB'),
('39', '6M5PZ3P1XURFD'),
('46', '3TI8ZTXX1GQYN'),
('26', '1ZFQ0PBQBZVRB'),
('3', 'Y6E0WNVGIM1BN'),
('28', 'J9OQVH6QHQWZ2'),
('50', 'AUEI124I1BVGD'),
('57', '8155V2JFS7AXT'),
('54', 'OHC1C4QCV2MXS'),
('9', 'LQ5322ZJFHDO1'),
('70', 'N0E3Q1UODO5BD'),
('51', 'N3QL8O5SXQIX7'),
('67', 'HTSGGPBT4SPKM'),
('74', 'U0I0DHABY0MY8'),
('16', 'VITCJLA8MCOJV'),
('41', 'H92G1ATTCGY33'),
('35', 'VGRNNS5J79DOZ'),
('86', 'UBG3L1W061E9L'),
('78', 'XH7AUXQQPV7V6'),
('94', 'XV21GZJ9QH0FQ'),
('32', '6B6KY6VUI020Q'),
('47', 'W6EV8BX2JP5GQ'),
('20', 'G4UNXC2JW4GH7'),
('85', '3N5ROIQHK5NSD'),
('6', 'ZA08UQ5G1TIM5');


-- fabricate-flush


INSERT INTO trabajarMedico (idBazar, rfc) VALUES
('12', 'TBMFV662ULH3J'),
('6', 'TBMFV662ULH3J'),
('29', 'TBMFV662ULH3J'),
('62', 'TBMFV662ULH3J'),
('6', 'KI8LLLE7YNQES'),
('62', 'KI8LLLE7YNQES'),
('29', 'KI8LLLE7YNQES'),
('29', 'PKS182G984PCR'),
('3', 'Q87X6PKQTMAEG'),
('62', 'JEFBEZYCZMAYJ'),
('65', '6240TZ2DEJAIQ'),
('4', 'S5QSBHRWC378K'),
('28', '4SFW76P1LCQYP'),
('27', 'TCTDOVIH3D4QL'),
('9', 'TCTDOVIH3D4QL'),
('9', 'QJP2FPZ9X1DL4'),
('2', 'M18OLDWEPP971'),
('96', 'VXDE155EU928M'),
('57', 'A6XP2FGXQD5D7'),
('94', 'GAE7JDNZ86RA6'),
('13', 'J8CR7BOHKDTL0'),
('47', 'R2AR78DQIM2T7'),
('82', 'UQND03A7HZZDY'),
('70', 'TVOOGACD6XRKY'),
('77', '98N5B3GIYE61I'),
('11', 'XMANK2UIYI5RQ'),
('99', 'OBYVS7XWBAZ17'),
('79', 'AEDDA1CFPOMPV'),
('39', '107PSIOFSW4X7'),
('88', '8Q81578CHV7NQ'),
('69', 'RDYK55MLXUO8Y'),
('86', 'BA38DW9TVVWPL'),
('24', 'HN4HUJW6ZY0SO'),
('46', '22UO7GGIFPE4M'),
('20', 'JDW9WWYNW8U4I'),
('72', '3PBGYJ2S5TT7W'),
('63', 'YQ6O85KZXF2QB'),
('15', 'OLWWKODDVKT8I'),
('58', 'XKA0YZ660CBN1'),
('54', '6FZ7YIQ94ZMOK'),
('67', 'UMH3RQCMWBC9H'),
('56', 'ODUFVPIHMT6MQ'),
('85', 'BXOMJCCTRZ2LA'),
('37', 'IMODKO4GBXU8I'),
('8', 'OMUSGO4VMT6DN'),
('14', 'WXX0G1GGIQE22'),
('48', 'JXDC04AKS2GEC'),
('45', 'AC35ZTTMDPL62'),
('32', 'QB54BHTR6PG2P'),
('38', '9WP2OOCF45IZY'),
('68', 'F4ZLGD583UUAR'),
('5', 'EURKB4T2M0DZG'),
('10', 'WDR9D1TL6GDAZ'),
('17', 'YMZ4LIS1TLBD5'),
('50', '5NCFAK6QHIEKN'),
('42', 'SZ3CR14DFG8AW'),
('53', '8JL1C9UMCBXE7'),
('64', 'BJC72E3BEFBT6'),
('80', 'LJLKW8C8NWPVU'),
('78', 'CZDVBS14D0RRR'),
('44', 'DUMZ4GSCF2KYT'),
('52', 'GBGK4RNV0LEAE'),
('1', 'GY52YVIP9B3EP'),
('30', 'A9DLP1JLOF4IR'),
('83', 'BU3NAY62DWS0L'),
('81', 'WYMTHS4FVEIB1'),
('55', 'E7UWGFI4CRC6U'),
('73', 'FANH8ZF0LMQWO'),
('76', 'RB8G8DEPZAC7Z'),
('21', 'P4XLNEZ2T2T3J'),
('16', 'ESX9VNS73JCDT'),
('66', 'NTFEP4IQP3FTL'),
('23', 'ZS2B1P0GX2NVI'),
('98', 'NJ040QPAEIJK0'),
('41', 'X7UBK8TXKEFZP'),
('84', 'EFQ4C0W7SQODS'),
('25', 'HP4KL8EQC62ZX'),
('91', '6IQBXGPXTANLD'),
('19', 'RCF52JDM1L9NH'),
('74', 'SE2K14MRDGC5C'),
('92', 'KMKIB6P74P9WO'),
('43', 'OQLZIBG7CQ7DN'),
('31', '3REB1DG6IU5LL'),
('95', '4I9D25IYE8DP2'),
('71', '8V21I9Z37SJ1U'),
('59', 'APQ4FO10144HW'),
('40', 'EF20JMCKA3HK0'),
('49', '5I04HHI3D1X39'),
('60', 'BPCJR63SIAUXX'),
('26', '66G47HBPJPB8V'),
('75', '8REO6KFBIMAHW'),
('36', 'DPX0NYCOLLA1C'),
('61', '8GI55Q2Q70PVS'),
('51', 'RMRMGWDO82J3C'),
('100', 'IX06JA7ME4OX8'),
('89', 'M78VL45CXXV66'),
('7', 'LRQIPT0TT2PYB'),
('22', 'X0PVG6WWNOKEM'),
('33', '21CBBTBG06EXD'),
('34', 'ALM50ILWAXT03'),
('93', 'R4VJ5Y7LUPAMQ'),
('35', 'HEIR011OCYJAE'),
('18', 'MY1H0TSOTUSZ5'),
('90', '8O9LWS9FS213X'),
('97', 'J3IIXMRZMOM1F'),
('87', 'KBYJNGICIZUBS');


-- fabricate-flush


INSERT INTO trabajarSeguridad (idBazar, rfc) VALUES
('44', 'QAMO010998751'),
('97', 'XMXP307679MBB'),
('54', 'EYDQ835840MOU'),
('23', 'CDGG451471HVG'),
('88', 'QLQK112647DIH'),
('1', 'ACQI958764CNQ'),
('2', 'UGWM205306C1X'),
('17', 'ZTBR987422E77'),
('82', 'WRPG671549KHO'),
('51', 'PDTO660881GXM'),
('8', 'UUGC032050RFS'),
('61', 'XLRF6369903QA'),
('33', 'SIMY303872KUN'),
('25', 'PRUY8343060UN'),
('32', 'RHRE719147T4Y'),
('95', 'ERFT259849WIO'),
('16', 'FAZA376792WGH'),
('34', 'ORFC724768R4V'),
('74', 'VFPO064277I7F'),
('4', 'BKAL999730FQT'),
('53', 'XRWI326329C5Z'),
('29', 'WNJL60957933G'),
('13', 'UNTB333747LJJ'),
('20', 'HGTH670964BVJ'),
('78', 'NYNY798012YDR'),
('63', 'PNTA0502785SF'),
('18', 'KZMO719535G73'),
('70', 'DSOM17750348K'),
('94', 'VYVF188330KAP'),
('91', 'COHM168974PXJ'),
('50', 'GZXB560906TRK'),
('36', 'OFVD892845NH5'),
('65', 'FYXU547839Q5J'),
('49', 'SGOL872051M7U'),
('84', 'NSBB79736382Y'),
('96', 'FFYV0214906IW'),
('24', 'XHUM810896V3A'),
('68', 'FRAM961995HH0'),
('22', 'VPNU756400445'),
('15', 'VIEZ570257DEA'),
('86', 'IQQO989861J8P'),
('6', 'KCCF527445VGL'),
('77', 'EAFX131800IBX'),
('5', 'LZRS967983STF'),
('43', 'UNFH8595273E1'),
('66', 'PVIF647966518'),
('60', 'RMDN4930540IM'),
('67', 'MHWK641295UD7'),
('79', 'RPSB0338442PP'),
('75', 'AYPT756048Z63'),
('12', 'TFHK475360ION'),
('58', 'BDBE822501MW7'),
('57', 'YWKT632479U3R'),
('3', 'OLZT378940LSA'),
('98', 'IKRG572001FJW'),
('64', 'EILI618098Y06'),
('59', 'WHTL162188M4O'),
('46', 'SWEC78895877R'),
('41', 'FCOT6508323LZ'),
('7', 'GLLF760785YC4'),
('48', 'LQSC398640V9G'),
('47', 'YJTW9422214ZD'),
('93', 'HMCN298297K07'),
('30', 'PBLJ946030RQE'),
('26', 'PQWZ417461OQT'),
('38', 'UJHT3466511IT'),
('45', 'DOJH5042874PF'),
('39', 'MXNJ7426839Q0'),
('62', 'MXKU240499BV3'),
('100', 'AXCT017941L66'),
('28', 'VXGD8639389IJ'),
('99', 'HAEJ055411YJK'),
('19', 'WUDN843764OA7'),
('90', 'FFQG2317455K8'),
('83', 'VEBT379050FRY'),
('37', 'PNTO008535KY8'),
('81', 'XLDK335535805'),
('9', 'JEFK980549PAZ'),
('21', 'ARXL682013FFI'),
('56', 'PMBL1893811NA'),
('40', 'HQOW008067WH3'),
('69', 'WQVB605408PTQ'),
('55', 'LPRJ4421293Q0'),
('14', 'YXPA672429B7X'),
('11', 'TTXF0019146HG'),
('35', 'HDRH176867ZXM'),
('87', 'ECTX148323L9K'),
('42', 'XHBN311863RT2'),
('27', 'TGQB663270QGZ'),
('85', 'XDDU011495YA8'),
('92', 'BKTV326921PX1'),
('76', 'UTEB513772HR3'),
('52', 'WMMQ393648K8L'),
('31', 'QYDY672663ZHL'),
('71', 'JBRD989471TLH'),
('89', 'IYJV616570I6P'),
('10', 'RCOI7919788AJ'),
('73', 'URRN580569S88'),
('80', 'JKCR7060784ZC'),
('72', 'KLVA264343F2K');


-- fabricate-flush



INSERT INTO mercanciaProductoNoPerecedero (nombre, tipo, precio, descripcion, presentacion, cantidadInicial) VALUES
('Outdoor Adventure Kit', 'Material de oficina', '89.99', 'Complete outdoor kit for camping and hiking.', 'Bolsa de 500 gramos', '760'),
('Greek Yogurt', 'Juguete', '1.99', 'Creamy Greek yogurt packed with protein and probiotics.', 'Botella de 1 litro', '497'),
('Artisan Cornbread Mix', 'Dispositivo electrónico', '2.49', 'Mix for homemade cornbread, just add water and bake for a delicious side.', 'Blíster de 10', '625'),
('LED Christmas Tree Lights', 'Accesorio de vehículo', '34.99', 'String lights for decorating holiday trees.', 'Envase plástico', '814'),
('Travel Pillow with Memory Foam', 'Equipo deportivo', '29.99', 'Ergonomically designed neck pillow for comfortable travel.', 'Tetra Pak 1L', '808'),
('Chicken Broth', 'Mueble', '2.49', 'Rich and flavorful chicken broth, great for soups.', 'Lata individual', '863'),
('Multi-Function Smartphone Holder', 'Ropa', '12.99', 'Versatile holder that can be used on desks, cars, and more.', 'Frasco de vidrio', '841'),
('Video Camera', 'Electrodoméstico', '199', '1080p HD video camera with night vision.', 'Caja de 12 unidades', '410'),
('Self-Watering Planter', 'Material de construcción', '24.99', 'Planter with self-watering feature for easy plant care.', 'Saco de 5 kg', '744'),
('Oven Thermometer', 'Herramienta', '11.99', 'High-precision oven thermometer for accurate cooking.', 'Paquete de 6 piezas', '715'),
('Portable Hammock Swing', 'Mueble', '59.99', 'Lightweight and portable swing hammock for relaxing outdoors.', 'Lata individual', '242'),
('Fleece Lined Leggings', 'Material de oficina', '29.99', 'Comfortable and warm leggings perfect for colder weather.', 'Bolsa de 500 gramos', '650'),
('Organic Honeycrisp Apples', 'Ropa', '1.99', 'Sweet and crisp apples, perfect for snacking.', 'Frasco de vidrio', '871'),
('Dog Training Clicker', 'Material de construcción', '5.99', 'Training tool for reinforcing commands and behavior in dogs.', 'Saco de 5 kg', '688'),
('Multifunctional Pocket Tool', 'Juguete', '19.99', 'Compact pocket tool with various built-in functions.', 'Botella de 1 litro', '807'),
('LED Desk Lamp with USB Charging', 'Herramienta', '39.99', 'Stylish desk lamp featuring a USB charging port.', 'Paquete de 6 piezas', '820'),
('Herbal Tea Infuser', 'Dispositivo electrónico', '9.99', 'Infuser for brewing loose-leaf herbal teas easily.', 'Blíster de 10', '706'),
('Cooking Utensil Set', 'Accesorio de vehículo', '24.99', 'Complete set of cooking utensils made from bamboo.', 'Envase plástico', '850'),
('Organic Ramen Noodles', 'Electrodoméstico', '2.89', 'Quick-cooking ramen noodles made with organic wheat.', 'Caja de 12 unidades', '540'),
('Foam Muscle Roller', 'Equipo deportivo', '24.99', 'Relieve muscle tension and soreness with this foam roller.', 'Tetra Pak 1L', '886'),
('Foldable Yoga Mat Carry Bag', 'Herramienta', '18.99', 'Durable bag for carrying your yoga mat and accessories.', 'Paquete de 6 piezas', '834'),
('Habanero Hot Sauce', 'Ropa', '3.79', 'Fiery hot sauce made with fresh habaneros and spices.', 'Frasco de vidrio', '791'),
('Nutritional Yeast', 'Juguete', '3.59', 'A healthy vegan cheese alternative packed with nutrients and flavor.', 'Botella de 1 litro', '921'),
('Mediterranean Chickpea Bowl', 'Dispositivo electrónico', '6.49', 'Chickpeas served with olives, feta, and hummus, a healthy meal.', 'Blíster de 10', '712'),
('Sesame Oil', 'Material de oficina', '3.99', 'Nutty-scented oil for stir-fry and marinades.', 'Bolsa de 500 gramos', '981'),
('Folding Exercise Bike', 'Accesorio de vehículo', '199.99', 'Space-saving bike for indoor workouts.', 'Envase plástico', '941'),
('Miso Soup Mix', 'Material de construcción', '3.29', 'Instant miso soup mix, just add hot water for a warm meal.', 'Saco de 5 kg', '867'),
('Andouille Sausage', 'Equipo deportivo', '5.49', 'Spicy and smoky sausage great for grilling.', 'Tetra Pak 1L', '851'),
('Basil Tomato Soup', 'Mueble', '2.99', 'Rich tomato soup flavored with fresh basil, ready to heat up.', 'Lata individual', '994'),
('Kids'' Activity Book', 'Electrodoméstico', '14.99', 'Fun book filled with puzzles and games for kids.', 'Caja de 12 unidades', '972'),
('Peanut Butter Pretzel Bites', 'Material de oficina', '4.19', 'Crunchy pretzel bites filled with peanut butter', 'Bolsa de 500 gramos', '684'),
('Animal Paw Print Soap Dispenser', 'Material de construcción', '16.99', 'Cute dispenser for bathrooms or kitchens featuring paw prints.', 'Saco de 5 kg', '769'),
('Faux Fur Coat', 'Mueble', '129.99', 'A luxurious faux fur coat that adds glamour to any outfit.', 'Lata individual', '629'),
('Spicy Hummus', 'Accesorio de vehículo', '3.49', 'Creamy hummus with a kick of spice, great for dipping.', 'Envase plástico', '835'),
('Portable Solar Generator', 'Herramienta', '399.99', 'Eco-friendly generator for outdoor adventures.', 'Paquete de 6 piezas', '813'),
('Cucumber Lime Sparkling Water', 'Dispositivo electrónico', '1.49', 'Refreshing sparkling water with cucumber and lime flavor.', 'Blíster de 10', '966'),
('Casual Sneakers', 'Ropa', '39.99', 'Versatile canvas sneakers suitable for everyday wear with a comfortable fit.', 'Frasco de vidrio', '967'),
('Compact Hair Dryer', 'Electrodoméstico', '29.99', 'Lightweight hair dryer with multiple speed settings.', 'Caja de 12 unidades', '974'),
('Compact Shoe Rack', 'Juguete', '34.99', 'Space-efficient shoe rack to keep entryways organized.', 'Botella de 1 litro', '866'),
('Wrap Front Midi Skirt', 'Equipo deportivo', '44.99', 'Elegant midi skirt with a wrap design, great for both formal and casual events.', 'Tetra Pak 1L', '849'),
('Spiced Pumpkin Soup', 'Electrodoméstico', '3.99', 'A creamy pumpkin soup with a blend of warm spices, ready to heat and serve.', 'Caja de 12 unidades', '797'),
('Portable Projector', 'Juguete', '199.99', 'Compact projector for movies and presentations on the go.', 'Botella de 1 litro', '715'),
('Mini Hand Gesture Drone', 'Equipo deportivo', '29.99', 'Toy drone that flies with gestures and is easy to control.', 'Tetra Pak 1L', '888'),
('Insulated Wine Tote', 'Material de oficina', '24.99', 'Stylish tote to keep wine bottles chilled while traveling.', 'Bolsa de 500 gramos', '713'),
('Yoga Mat Carrier', 'Material de construcción', '12.99', 'Convenient carrier for transporting yoga mat.', 'Saco de 5 kg', '955'),
('Maple Bacon Potato Chips', 'Mueble', '2.89', 'Savory potato chips with a hint of maple sweetness and crispy bacon flavor.', 'Lata individual', '842'),
('Miso Dressing', 'Accesorio de vehículo', '3.49', 'Flavorful dressing made with miso paste', 'Envase plástico', '809'),
('Essential Oils Diffuser Necklace', 'Herramienta', '19.99', 'Wearable diffuser for scenting your space and body.', 'Paquete de 6 piezas', '875'),
('LED Flashlight with Rechargeable Batteries', 'Dispositivo electrónico', '19.99', 'Bright flashlight with rechargeable batteries included.', 'Blíster de 10', '850'),
('Plant-Based Protein Bars', 'Ropa', '19.99', 'Nutritious protein bars for on-the-go snacking.', 'Frasco de vidrio', '828'),
('Chocolate Hazelnut Spread', 'Material de construcción', '5.99', 'A creamy spread made with chocolate and hazelnuts, perfect for toast.', 'Saco de 5 kg', '648'),
('Chicken Salad Kit', 'Mueble', '5.99', 'All-in-one kit for making delicious chicken salad.', 'Lata individual', '679'),
('Salt and Pepper Grinder Set', 'Electrodoméstico', '19.99', 'Adjustable grinders for fresh spices at the table.', 'Caja de 12 unidades', '922'),
('Electric Food Steamer', 'Juguete', '59.99', 'Electric food steamer for healthy cooking.', 'Botella de 1 litro', '812'),
('Garlic Parmesan Roasted Nuts', 'Herramienta', '4.89', 'Savory, roasted nuts seasoned with garlic and parmesan.', 'Paquete de 6 piezas', '674'),
('Spinach Feta Wraps', 'Material de oficina', '4.29', 'Whole wheat wraps filled with spinach, feta, and herbs.', 'Bolsa de 500 gramos', '804'),
('Organic Coconut Yogurt', 'Ropa', '4.49', 'Dairy-free yogurt made from coconut milk.', 'Frasco de vidrio', '948'),
('Jigsaw Puzzle', 'Accesorio de vehículo', '14.99', '500-piece jigsaw puzzle featuring beautiful scenery.', 'Envase plástico', '991'),
('Cinnamon Sugar Tortilla Chips', 'Equipo deportivo', '3.29', 'Crispy chips with a sweet twist, perfect for dipping.', 'Tetra Pak 1L', '987'),
('Quinoa & Black Bean Salad', 'Dispositivo electrónico', '7.49', 'A nutritious salad with quinoa and black beans', 'Blíster de 10', '994'),
('Multi-Purpose Scissors', 'Material de construcción', '8.99', 'Heavy-duty scissors for crafting and office use.', 'Saco de 5 kg', '894'),
('Lentil Soup (canned)', 'Juguete', '1.99', 'Hearty lentil soup for a quick meal.', 'Botella de 1 litro', '791'),
('Organic Cucumber', 'Herramienta', '1.29', 'Fresh organic cucumber perfect for salads or snacking.', 'Paquete de 6 piezas', '827'),
('Kale Salad with Lemon Dressing', 'Dispositivo electrónico', '4.99', 'Fresh kale salad with a zesty lemon dressing, great as a side dish.', 'Blíster de 10', '873'),
('Infrared Space Heater', 'Accesorio de vehículo', '99.99', 'Energy-efficient infrared heater for home use.', 'Envase plástico', '976'),
('Coconut Lime Rice', 'Electrodoméstico', '2.99', 'Flavorful rice mixed with coconut and lime, a tropical side dish.', 'Caja de 12 unidades', '916'),
('Sweet Cherry Tomatoes', 'Equipo deportivo', '2.99', 'Fresh and juicy cherry tomatoes for salads and snacking.', 'Tetra Pak 1L', '952'),
('Spinach Pizza Rolls', 'Mueble', '4.99', 'Frozen pizza rolls stuffed with spinach and cheese, perfect for snacking.', 'Lata individual', '707'),
('Portable Pet Bathing Tool', 'Material de oficina', '29.99', 'Handheld sprayer designed for washing pets easily.', 'Bolsa de 500 gramos', '697'),
('Coconut Flakes', 'Ropa', '3.29', 'Unsweetened coconut flakes for baking and topping.', 'Frasco de vidrio', '1092'),
('Multi-Tool', 'Dispositivo electrónico', '39.99', 'Versatile multi-tool with 15 different functions.', 'Blíster de 10', '1755'),
('Canned Sardines', 'Material de oficina', '3.29', 'Savory sardines packed in olive oil.', 'Bolsa de 500 gramos', '1119'),
('Pistachios', 'Accesorio de vehículo', '6.99', 'Roasted pistachios, a healthy and tasty snack.', 'Envase plástico', '1343'),
('Coconut Bowls Set', 'Material de construcción', '22.99', 'Handmade eco-friendly bowls made from real coconuts.', 'Saco de 5 kg', '1915'),
('Chia Seed Pudding', 'Equipo deportivo', '3.99', 'Nutritious chia seed pudding in vanilla flavor, ready to eat.', 'Tetra Pak 1L', '1860'),
('Pet Safety Belt for Car', 'Mueble', '14.99', 'Seat belt attachment to keep dogs safe during car rides.', 'Lata individual', '1331'),
('Tattoo Kit', 'Electrodoméstico', '99.99', 'Complete tattoo kit for beginners and professionals.', 'Caja de 12 unidades', '1584'),
('Memory Foam Mattress Topper', 'Herramienta', '109.99', '3-inch memory foam mattress topper for added comfort.', 'Paquete de 6 piezas', '1539'),
('Fruit Medley Juice', 'Ropa', '3.49', 'Refreshing juice blend made with various fresh fruits.', 'Frasco de vidrio', '805'),
('Roasted Red Pepper Dip', 'Juguete', '3.29', 'A blend of roasted red peppers and spices, perfect for dipping.', 'Botella de 1 litro', '765'),
('Granola Bars', 'Ropa', '4.99', 'Crispy and chewy granola bars, perfect for on-the-go.', 'Frasco de vidrio', '878'),
('Wireless Earbuds Case', 'Equipo deportivo', '12.99', 'Protective case for wireless earbuds.', 'Tetra Pak 1L', '850'),
('Vegan Tacos', 'Dispositivo electrónico', '7.49', 'Frozen vegan tacos filled with plant-based protein and spices.', 'Blíster de 10', '730'),
('Electric Razor', 'Electrodoméstico', '59.99', 'Rechargeable electric razor for a smooth shave.', 'Caja de 12 unidades', '1414'),
('Apple Juice', 'Material de construcción', '3.29', 'Refreshing apple juice, 100% juice with no added sugar.', 'Saco de 5 kg', '616'),
('Decorative Throw Blanket', 'Juguete', '39.99', 'Soft throw blanket for cozy home decor.', 'Botella de 1 litro', '863'),
('Savory Oats', 'Mueble', '2.49', 'Instant oats with a savory twist, such as herbs and spices.', 'Lata individual', '917'),
('Mediterranean Olives', 'Material de oficina', '6.49', 'A mix of brined Mediterranean olives for snacking.', 'Bolsa de 500 gramos', '495'),
('Kale Caesar Salad Kit', 'Accesorio de vehículo', '5.99', 'Fresh kale with Caesar dressing and croutons.', 'Envase plástico', '911'),
('Laptop Sleeve', 'Herramienta', '24.99', 'Padded laptop sleeve for protection against scratches.', 'Paquete de 6 piezas', '884'),
('Safety First Aid Kit', 'Accesorio de vehículo', '29.99', 'Comprehensive first aid kit for home or travel emergencies.', 'Envase plástico', '945'),
('Floral Summer Dress', 'Electrodoméstico', '39.99', 'Light and breezy dress perfect for summer outings with a vibrant floral pattern.', 'Caja de 12 unidades', '914'),
('Sesame Ginger Dressing', 'Equipo deportivo', '4.09', 'Tangy dressing perfect for salads and marinades, with sesame and ginger flavors.', 'Tetra Pak 1L', '1312'),
('Cheddar Cheese Crackers', 'Mueble', '2.29', 'Crunchy crackers topped with real cheddar cheese flavor.', 'Lata individual', '1338'),
('Freestanding Wine Rack', 'Material de oficina', '79.99', 'Stylish wine rack to store and display bottles.', 'Bolsa de 500 gramos', '1333'),
('Foot Massager', 'Ropa', '79.99', 'Electric foot massager with heat settings.', 'Frasco de vidrio', '434'),
('Pet Waterer with Filtration', 'Material de construcción', '39.99', 'Automatic waterer that filters and provides fresh drinking water for pets.', 'Saco de 5 kg', '988'),
('Adjustable Pet Feeder', 'Juguete', '39.99', 'Convenient feeder that adjusts to your pet''s height.', 'Botella de 1 litro', '1224'),
('Coffee Capsule Dispenser', 'Herramienta', '24.99', 'Organize coffee capsules with this stylish dispenser.', 'Paquete de 6 piezas', '648'),
('Sliced Avocado', 'Dispositivo electrónico', '2.79', 'Ready-to-eat avocado slices, perfect for tacos.', 'Blíster de 10', '956');


-- fabricate-flush


INSERT INTO mercanciaProductoPerecedero (nombre, tipo, precio, descripcion, presentacion, cantidadInicial, fechaPreparacion, fechaCaducidad) VALUES
('Outdoor Adventure Kit', 'Mariscos', '89.99', 'Complete outdoor kit for camping and hiking.', 'Saco de 25 kg', '982', '2024-07-26', '2026-03-23'),
('Greek Yogurt', 'Carne', '1.99', 'Creamy Greek yogurt packed with protein and probiotics.', 'Bandeja de 8 piezas', '931', '2024-12-19', '2024-12-19'),
('Artisan Cornbread Mix', 'Postre refrigerado', '2.49', 'Mix for homemade cornbread, just add water and bake for a delicious side.', 'Bolsa de hojas frescas', '885', '2024-11-10', '2026-07-04'),
('LED Christmas Tree Lights', 'Panadería', '34.99', 'String lights for decorating holiday trees.', 'Racimo de 5 plátanos', '614', '2025-02-20', '2026-05-26'),
('Travel Pillow with Memory Foam', 'Bebida fría', '29.99', 'Ergonomically designed neck pillow for comfortable travel.', 'Bandeja de 400 g', '1314', '2025-02-02', '2026-06-18'),
('Chicken Broth', 'Lácteo', '2.49', 'Rich and flavorful chicken broth, great for soups.', 'Paquete de 500 g', '1517', '2025-01-07', '2026-06-17'),
('Multi-Function Smartphone Holder', 'Pescado', '12.99', 'Versatile holder that can be used on desks, cars, and more.', 'Tarro de 250 ml', '792', '2025-02-03', '2027-11-19'),
('Video Camera', 'Fruta fresca', '199', '1080p HD video camera with night vision.', 'Caja de 12 unidades', '818', '2024-12-15', '2027-10-13'),
('Self-Watering Planter', 'Embutido', '24.99', 'Planter with self-watering feature for easy plant care.', 'Botella de 1 litro', '1251', '2024-11-23', '2026-03-05'),
('Oven Thermometer', 'Vegetal', '11.99', 'High-precision oven thermometer for accurate cooking.', 'Bolsa de 1 kg', '999', '2024-09-14', '2024-09-14'),
('Portable Hammock Swing', 'Lácteo', '59.99', 'Lightweight and portable swing hammock for relaxing outdoors.', 'Paquete de 500 g', '981', '2024-06-17', '2026-01-19'),
('Fleece Lined Leggings', 'Mariscos', '29.99', 'Comfortable and warm leggings perfect for colder weather.', 'Saco de 25 kg', '1136', '2024-06-03', '2026-12-18'),
('Organic Honeycrisp Apples', 'Pescado', '1.99', 'Sweet and crisp apples, perfect for snacking.', 'Tarro de 250 ml', '962', '2024-09-05', '2024-10-06'),
('Dog Training Clicker', 'Embutido', '5.99', 'Training tool for reinforcing commands and behavior in dogs.', 'Botella de 1 litro', '576', '2024-07-12', '2025-06-21'),
('Multifunctional Pocket Tool', 'Carne', '19.99', 'Compact pocket tool with various built-in functions.', 'Bandeja de 8 piezas', '764', '2024-06-03', '2026-02-01'),
('LED Desk Lamp with USB Charging', 'Vegetal', '39.99', 'Stylish desk lamp featuring a USB charging port.', 'Bolsa de 1 kg', '1186', '2024-12-20', '2025-08-16'),
('Herbal Tea Infuser', 'Postre refrigerado', '9.99', 'Infuser for brewing loose-leaf herbal teas easily.', 'Bolsa de hojas frescas', '720', '2025-03-22', '2025-03-22'),
('Cooking Utensil Set', 'Panadería', '24.99', 'Complete set of cooking utensils made from bamboo.', 'Racimo de 5 plátanos', '1122', '2024-06-02', '2026-12-12'),
('Organic Ramen Noodles', 'Fruta fresca', '2.89', 'Quick-cooking ramen noodles made with organic wheat.', 'Caja de 12 unidades', '807', '2024-11-17', '2027-12-19'),
('Foam Muscle Roller', 'Bebida fría', '24.99', 'Relieve muscle tension and soreness with this foam roller.', 'Bandeja de 400 g', '934', '2025-01-12', '2026-09-20'),
('Foldable Yoga Mat Carry Bag', 'Vegetal', '18.99', 'Durable bag for carrying your yoga mat and accessories.', 'Bolsa de 1 kg', '1553', '2024-05-10', '2024-09-11'),
('Habanero Hot Sauce', 'Pescado', '3.79', 'Fiery hot sauce made with fresh habaneros and spices.', 'Tarro de 250 ml', '948', '2024-12-27', '2026-03-19'),
('Nutritional Yeast', 'Carne', '3.59', 'A healthy vegan cheese alternative packed with nutrients and flavor.', 'Bandeja de 8 piezas', '998', '2024-11-04', '2026-01-07'),
('Mediterranean Chickpea Bowl', 'Postre refrigerado', '6.49', 'Chickpeas served with olives, feta, and hummus, a healthy meal.', 'Bolsa de hojas frescas', '645', '2025-01-21', '2025-10-27'),
('Sesame Oil', 'Mariscos', '3.99', 'Nutty-scented oil for stir-fry and marinades.', 'Saco de 25 kg', '618', '2024-12-29', '2024-12-29'),
('Folding Exercise Bike', 'Panadería', '199.99', 'Space-saving bike for indoor workouts.', 'Racimo de 5 plátanos', '831', '2024-08-21', '2025-05-26'),
('Miso Soup Mix', 'Embutido', '3.29', 'Instant miso soup mix, just add hot water for a warm meal.', 'Botella de 1 litro', '649', '2024-09-07', '2024-09-07'),
('Andouille Sausage', 'Bebida fría', '5.49', 'Spicy and smoky sausage great for grilling.', 'Bandeja de 400 g', '965', '2024-09-15', '2025-08-19'),
('Basil Tomato Soup', 'Lácteo', '2.99', 'Rich tomato soup flavored with fresh basil, ready to heat up.', 'Paquete de 500 g', '804', '2024-05-20', '2027-01-13'),
('Kids'' Activity Book', 'Fruta fresca', '14.99', 'Fun book filled with puzzles and games for kids.', 'Caja de 12 unidades', '740', '2025-02-03', '2026-10-24'),
('Peanut Butter Pretzel Bites', 'Mariscos', '4.19', 'Crunchy pretzel bites filled with peanut butter', 'Saco de 25 kg', '975', '2025-03-05', '2025-10-12'),
('Animal Paw Print Soap Dispenser', 'Embutido', '16.99', 'Cute dispenser for bathrooms or kitchens featuring paw prints.', 'Botella de 1 litro', '124', '2024-05-10', '2025-01-26'),
('Faux Fur Coat', 'Lácteo', '129.99', 'A luxurious faux fur coat that adds glamour to any outfit.', 'Paquete de 500 g', '815', '2025-04-07', '2026-09-30'),
('Spicy Hummus', 'Panadería', '3.49', 'Creamy hummus with a kick of spice, great for dipping.', 'Racimo de 5 plátanos', '428', '2024-09-14', '2026-05-07'),
('Portable Solar Generator', 'Vegetal', '399.99', 'Eco-friendly generator for outdoor adventures.', 'Bolsa de 1 kg', '945', '2024-12-16', '2027-03-09'),
('Cucumber Lime Sparkling Water', 'Postre refrigerado', '1.49', 'Refreshing sparkling water with cucumber and lime flavor.', 'Bolsa de hojas frescas', '907', '2025-03-12', '2025-11-03'),
('Casual Sneakers', 'Pescado', '39.99', 'Versatile canvas sneakers suitable for everyday wear with a comfortable fit.', 'Tarro de 250 ml', '922', '2025-01-15', '2027-10-29'),
('Compact Hair Dryer', 'Fruta fresca', '29.99', 'Lightweight hair dryer with multiple speed settings.', 'Caja de 12 unidades', '703', '2024-12-03', '2026-08-29'),
('Compact Shoe Rack', 'Carne', '34.99', 'Space-efficient shoe rack to keep entryways organized.', 'Bandeja de 8 piezas', '963', '2024-07-31', '2025-01-25'),
('Wrap Front Midi Skirt', 'Bebida fría', '44.99', 'Elegant midi skirt with a wrap design, great for both formal and casual events.', 'Bandeja de 400 g', '883', '2025-03-07', '2027-08-05'),
('Spiced Pumpkin Soup', 'Fruta fresca', '3.99', 'A creamy pumpkin soup with a blend of warm spices, ready to heat and serve.', 'Caja de 12 unidades', '524', '2024-07-20', '2027-12-16'),
('Portable Projector', 'Carne', '199.99', 'Compact projector for movies and presentations on the go.', 'Bandeja de 8 piezas', '1223', '2024-07-25', '2025-10-01'),
('Mini Hand Gesture Drone', 'Bebida fría', '29.99', 'Toy drone that flies with gestures and is easy to control.', 'Bandeja de 400 g', '1446', '2024-12-17', '2026-11-23'),
('Insulated Wine Tote', 'Mariscos', '24.99', 'Stylish tote to keep wine bottles chilled while traveling.', 'Saco de 25 kg', '685', '2024-06-10', '2027-02-14'),
('Yoga Mat Carrier', 'Embutido', '12.99', 'Convenient carrier for transporting yoga mat.', 'Botella de 1 litro', '720', '2024-04-29', '2026-09-03'),
('Maple Bacon Potato Chips', 'Lácteo', '2.89', 'Savory potato chips with a hint of maple sweetness and crispy bacon flavor.', 'Paquete de 500 g', '1399', '2024-08-04', '2025-09-13'),
('Miso Dressing', 'Panadería', '3.49', 'Flavorful dressing made with miso paste', 'Racimo de 5 plátanos', '959', '2024-06-04', '2026-11-27'),
('Essential Oils Diffuser Necklace', 'Vegetal', '19.99', 'Wearable diffuser for scenting your space and body.', 'Bolsa de 1 kg', '760', '2024-11-04', '2024-11-04'),
('LED Flashlight with Rechargeable Batteries', 'Postre refrigerado', '19.99', 'Bright flashlight with rechargeable batteries included.', 'Bolsa de hojas frescas', '257', '2024-06-05', '2024-09-13'),
('Plant-Based Protein Bars', 'Pescado', '19.99', 'Nutritious protein bars for on-the-go snacking.', 'Tarro de 250 ml', '815', '2025-01-30', '2025-01-30'),
('Chocolate Hazelnut Spread', 'Embutido', '5.99', 'A creamy spread made with chocolate and hazelnuts, perfect for toast.', 'Botella de 1 litro', '824', '2024-12-31', '2026-11-12'),
('Chicken Salad Kit', 'Lácteo', '5.99', 'All-in-one kit for making delicious chicken salad.', 'Paquete de 500 g', '1008', '2025-04-25', '2026-07-13'),
('Salt and Pepper Grinder Set', 'Fruta fresca', '19.99', 'Adjustable grinders for fresh spices at the table.', 'Caja de 12 unidades', '618', '2024-08-03', '2027-08-18'),
('Electric Food Steamer', 'Carne', '59.99', 'Electric food steamer for healthy cooking.', 'Bandeja de 8 piezas', '808', '2024-06-02', '2024-09-17'),
('Garlic Parmesan Roasted Nuts', 'Vegetal', '4.89', 'Savory, roasted nuts seasoned with garlic and parmesan.', 'Bolsa de 1 kg', '569', '2024-08-14', '2025-11-12'),
('Spinach Feta Wraps', 'Mariscos', '4.29', 'Whole wheat wraps filled with spinach, feta, and herbs.', 'Saco de 25 kg', '844', '2024-11-01', '2027-06-12'),
('Organic Coconut Yogurt', 'Pescado', '4.49', 'Dairy-free yogurt made from coconut milk.', 'Tarro de 250 ml', '706', '2025-02-22', '2025-02-22'),
('Jigsaw Puzzle', 'Panadería', '14.99', '500-piece jigsaw puzzle featuring beautiful scenery.', 'Racimo de 5 plátanos', '823', '2025-01-31', '2025-11-20'),
('Cinnamon Sugar Tortilla Chips', 'Bebida fría', '3.29', 'Crispy chips with a sweet twist, perfect for dipping.', 'Bandeja de 400 g', '967', '2024-05-28', '2027-09-10'),
('Quinoa & Black Bean Salad', 'Postre refrigerado', '7.49', 'A nutritious salad with quinoa and black beans', 'Bolsa de hojas frescas', '947', '2024-06-22', '2027-11-08'),
('Multi-Purpose Scissors', 'Embutido', '8.99', 'Heavy-duty scissors for crafting and office use.', 'Botella de 1 litro', '550', '2025-03-26', '2025-05-26'),
('Lentil Soup (canned)', 'Carne', '1.99', 'Hearty lentil soup for a quick meal.', 'Bandeja de 8 piezas', '813', '2024-06-05', '2024-09-27'),
('Organic Cucumber', 'Vegetal', '1.29', 'Fresh organic cucumber perfect for salads or snacking.', 'Bolsa de 1 kg', '666', '2024-08-26', '2026-08-28'),
('Kale Salad with Lemon Dressing', 'Postre refrigerado', '4.99', 'Fresh kale salad with a zesty lemon dressing, great as a side dish.', 'Bolsa de hojas frescas', '616', '2025-03-16', '2025-03-16'),
('Infrared Space Heater', 'Panadería', '99.99', 'Energy-efficient infrared heater for home use.', 'Racimo de 5 plátanos', '604', '2024-05-22', '2026-02-17'),
('Coconut Lime Rice', 'Fruta fresca', '2.99', 'Flavorful rice mixed with coconut and lime, a tropical side dish.', 'Caja de 12 unidades', '597', '2024-06-20', '2026-12-08'),
('Sweet Cherry Tomatoes', 'Bebida fría', '2.99', 'Fresh and juicy cherry tomatoes for salads and snacking.', 'Bandeja de 400 g', '658', '2024-10-13', '2026-09-11'),
('Spinach Pizza Rolls', 'Lácteo', '4.99', 'Frozen pizza rolls stuffed with spinach and cheese, perfect for snacking.', 'Paquete de 500 g', '801', '2024-09-21', '2027-05-27'),
('Portable Pet Bathing Tool', 'Mariscos', '29.99', 'Handheld sprayer designed for washing pets easily.', 'Saco de 25 kg', '684', '2024-08-14', '2024-11-21'),
('Coconut Flakes', 'Pescado', '3.29', 'Unsweetened coconut flakes for baking and topping.', 'Tarro de 250 ml', '728', '2025-02-16', '2025-11-15'),
('Multi-Tool', 'Postre refrigerado', '39.99', 'Versatile multi-tool with 15 different functions.', 'Bolsa de hojas frescas', '729', '2024-12-21', '2026-12-18'),
('Canned Sardines', 'Mariscos', '3.29', 'Savory sardines packed in olive oil.', 'Saco de 25 kg', '805', '2024-12-10', '2025-04-09'),
('Pistachios', 'Panadería', '6.99', 'Roasted pistachios, a healthy and tasty snack.', 'Racimo de 5 plátanos', '782', '2025-03-26', '2026-11-29'),
('Coconut Bowls Set', 'Embutido', '22.99', 'Handmade eco-friendly bowls made from real coconuts.', 'Botella de 1 litro', '829', '2024-09-14', '2026-04-08'),
('Chia Seed Pudding', 'Bebida fría', '3.99', 'Nutritious chia seed pudding in vanilla flavor, ready to eat.', 'Bandeja de 400 g', '751', '2024-09-20', '2027-09-26'),
('Pet Safety Belt for Car', 'Lácteo', '14.99', 'Seat belt attachment to keep dogs safe during car rides.', 'Paquete de 500 g', '887', '2024-10-29', '2027-03-01'),
('Tattoo Kit', 'Fruta fresca', '99.99', 'Complete tattoo kit for beginners and professionals.', 'Caja de 12 unidades', '996', '2024-10-25', '2027-10-16'),
('Memory Foam Mattress Topper', 'Vegetal', '109.99', '3-inch memory foam mattress topper for added comfort.', 'Bolsa de 1 kg', '969', '2024-12-26', '2025-02-04'),
('Fruit Medley Juice', 'Pescado', '3.49', 'Refreshing juice blend made with various fresh fruits.', 'Tarro de 250 ml', '911', '2024-11-15', '2025-02-08'),
('Roasted Red Pepper Dip', 'Carne', '3.29', 'A blend of roasted red peppers and spices, perfect for dipping.', 'Bandeja de 8 piezas', '840', '2024-12-24', '2027-02-15'),
('Granola Bars', 'Pescado', '4.99', 'Crispy and chewy granola bars, perfect for on-the-go.', 'Tarro de 250 ml', '812', '2024-10-17', '2024-12-15'),
('Wireless Earbuds Case', 'Bebida fría', '12.99', 'Protective case for wireless earbuds.', 'Bandeja de 400 g', '862', '2025-04-03', '2026-05-15'),
('Vegan Tacos', 'Postre refrigerado', '7.49', 'Frozen vegan tacos filled with plant-based protein and spices.', 'Bolsa de hojas frescas', '888', '2024-05-26', '2026-07-28'),
('Electric Razor', 'Fruta fresca', '59.99', 'Rechargeable electric razor for a smooth shave.', 'Caja de 12 unidades', '1148', '2025-01-19', '2025-05-18'),
('Apple Juice', 'Embutido', '3.29', 'Refreshing apple juice, 100% juice with no added sugar.', 'Botella de 1 litro', '978', '2024-06-24', '2024-10-17'),
('Decorative Throw Blanket', 'Carne', '39.99', 'Soft throw blanket for cozy home decor.', 'Bandeja de 8 piezas', '960', '2024-04-26', '2027-10-13'),
('Savory Oats', 'Lácteo', '2.49', 'Instant oats with a savory twist, such as herbs and spices.', 'Paquete de 500 g', '776', '2024-12-29', '2025-01-15'),
('Mediterranean Olives', 'Mariscos', '6.49', 'A mix of brined Mediterranean olives for snacking.', 'Saco de 25 kg', '985', '2024-05-02', '2025-10-01'),
('Kale Caesar Salad Kit', 'Panadería', '5.99', 'Fresh kale with Caesar dressing and croutons.', 'Racimo de 5 plátanos', '987', '2024-05-02', '2026-05-23'),
('Laptop Sleeve', 'Vegetal', '24.99', 'Padded laptop sleeve for protection against scratches.', 'Bolsa de 1 kg', '742', '2025-03-11', '2027-08-28'),
('Safety First Aid Kit', 'Panadería', '29.99', 'Comprehensive first aid kit for home or travel emergencies.', 'Racimo de 5 plátanos', '858', '2025-01-17', '2025-03-28'),
('Floral Summer Dress', 'Fruta fresca', '39.99', 'Light and breezy dress perfect for summer outings with a vibrant floral pattern.', 'Caja de 12 unidades', '775', '2025-01-17', '2025-08-11'),
('Sesame Ginger Dressing', 'Bebida fría', '4.09', 'Tangy dressing perfect for salads and marinades, with sesame and ginger flavors.', 'Bandeja de 400 g', '882', '2024-08-27', '2025-10-24'),
('Cheddar Cheese Crackers', 'Lácteo', '2.29', 'Crunchy crackers topped with real cheddar cheese flavor.', 'Paquete de 500 g', '834', '2025-02-28', '2027-08-10'),
('Freestanding Wine Rack', 'Mariscos', '79.99', 'Stylish wine rack to store and display bottles.', 'Saco de 25 kg', '985', '2024-04-28', '2026-03-30'),
('Foot Massager', 'Pescado', '79.99', 'Electric foot massager with heat settings.', 'Tarro de 250 ml', '1111', '2024-09-10', '2024-10-09'),
('Pet Waterer with Filtration', 'Embutido', '39.99', 'Automatic waterer that filters and provides fresh drinking water for pets.', 'Botella de 1 litro', '898', '2024-10-25', '2027-11-15'),
('Adjustable Pet Feeder', 'Carne', '39.99', 'Convenient feeder that adjusts to your pet''s height.', 'Bandeja de 8 piezas', '959', '2024-11-19', '2025-03-10'),
('Coffee Capsule Dispenser', 'Vegetal', '24.99', 'Organize coffee capsules with this stylish dispenser.', 'Bolsa de 1 kg', '481', '2025-04-17', '2026-09-21'),
('Sliced Avocado', 'Postre refrigerado', '2.79', 'Ready-to-eat avocado slices, perfect for tacos.', 'Bolsa de hojas frescas', '777', '2024-09-17', '2025-06-01');


-- fabricate-flush


INSERT INTO mercanciaServicio (nombre, tipo, precio, descripcion, duracion) VALUES
('Outdoor Adventure Kit', 'Estetica', '89.99', 'Complete outdoor kit for camping and hiking.', '01:40'),
('Greek Yogurt', 'Herramienta', '1.99', 'Creamy Greek yogurt packed with protein and probiotics.', '01:25'),
('Artisan Cornbread Mix', 'Servicio', '2.49', 'Mix for homemade cornbread, just add water and bake for a delicious side.', '01:05'),
('LED Christmas Tree Lights', 'Materia Prima', '34.99', 'String lights for decorating holiday trees.', '00:20'),
('Travel Pillow with Memory Foam', 'Accesorio', '29.99', 'Ergonomically designed neck pillow for comfortable travel.', '02:00'),
('Chicken Broth', 'Repuesto', '2.49', 'Rich and flavorful chicken broth, great for soups.', '01:10'),
('Multi-Function Smartphone Holder', 'Bien de Capital', '12.99', 'Versatile holder that can be used on desks, cars, and more.', '00:11'),
('Video Camera', 'Bien de Consumo', '199', '1080p HD video camera with night vision.', '00:01'),
('Self-Watering Planter', 'Masaje', '24.99', 'Planter with self-watering feature for easy plant care.', '01:11'),
('Oven Thermometer', 'Bien de Consumo', '11.99', 'High-precision oven thermometer for accurate cooking.', '01:30'),
('Portable Hammock Swing', 'Estetica', '59.99', 'Lightweight and portable swing hammock for relaxing outdoors.', '01:35'),
('Fleece Lined Leggings', 'Servicio', '29.99', 'Comfortable and warm leggings perfect for colder weather.', '00:45'),
('Organic Honeycrisp Apples', 'Herramienta', '1.99', 'Sweet and crisp apples, perfect for snacking.', '01:45'),
('Dog Training Clicker', 'Materia Prima', '5.99', 'Training tool for reinforcing commands and behavior in dogs.', '00:21'),
('Multifunctional Pocket Tool', 'Accesorio', '19.99', 'Compact pocket tool with various built-in functions.', '01:50'),
('LED Desk Lamp with USB Charging', 'Bien de Capital', '39.99', 'Stylish desk lamp featuring a USB charging port.', '00:31'),
('Herbal Tea Infuser', 'Masaje', '9.99', 'Infuser for brewing loose-leaf herbal teas easily.', '00:25'),
('Cooking Utensil Set', 'Repuesto', '24.99', 'Complete set of cooking utensils made from bamboo.', '00:40'),
('Organic Ramen Noodles', 'Materia Prima', '2.89', 'Quick-cooking ramen noodles made with organic wheat.', '01:15'),
('Foam Muscle Roller', 'Accesorio', '24.99', 'Relieve muscle tension and soreness with this foam roller.', '00:51'),
('Foldable Yoga Mat Carry Bag', 'Bien de Capital', '18.99', 'Durable bag for carrying your yoga mat and accessories.', '00:50'),
('Habanero Hot Sauce', 'Masaje', '3.79', 'Fiery hot sauce made with fresh habaneros and spices.', '00:05'),
('Nutritional Yeast', 'Repuesto', '3.59', 'A healthy vegan cheese alternative packed with nutrients and flavor.', '00:41'),
('Mediterranean Chickpea Bowl', 'Bien de Consumo', '6.49', 'Chickpeas served with olives, feta, and hummus, a healthy meal.', '00:35'),
('Sesame Oil', 'Estetica', '3.99', 'Nutty-scented oil for stir-fry and marinades.', '00:10'),
('Folding Exercise Bike', 'Servicio', '199.99', 'Space-saving bike for indoor workouts.', '01:01'),
('Miso Soup Mix', 'Herramienta', '3.29', 'Instant miso soup mix, just add hot water for a warm meal.', '00:15'),
('Andouille Sausage', 'Bien de Capital', '5.49', 'Spicy and smoky sausage great for grilling.', '01:20'),
('Basil Tomato Soup', 'Materia Prima', '2.99', 'Rich tomato soup flavored with fresh basil, ready to heat up.', '00:30'),
('Kids'' Activity Book', 'Accesorio', '14.99', 'Fun book filled with puzzles and games for kids.', '01:55'),
('Peanut Butter Pretzel Bites', 'Estetica', '4.19', 'Crunchy pretzel bites filled with peanut butter', '00:30'),
('Animal Paw Print Soap Dispenser', 'Repuesto', '16.99', 'Cute dispenser for bathrooms or kitchens featuring paw prints.', '01:25'),
('Faux Fur Coat', 'Masaje', '129.99', 'A luxurious faux fur coat that adds glamour to any outfit.', '00:10'),
('Spicy Hummus', 'Herramienta', '3.49', 'Creamy hummus with a kick of spice, great for dipping.', '01:20'),
('Portable Solar Generator', 'Bien de Consumo', '399.99', 'Eco-friendly generator for outdoor adventures.', '00:45'),
('Cucumber Lime Sparkling Water', 'Servicio', '1.49', 'Refreshing sparkling water with cucumber and lime flavor.', '01:50'),
('Casual Sneakers', 'Materia Prima', '39.99', 'Versatile canvas sneakers suitable for everyday wear with a comfortable fit.', '00:05'),
('Compact Hair Dryer', 'Bien de Consumo', '29.99', 'Lightweight hair dryer with multiple speed settings.', '00:15'),
('Compact Shoe Rack', 'Estetica', '34.99', 'Space-efficient shoe rack to keep entryways organized.', '00:31'),
('Wrap Front Midi Skirt', 'Bien de Capital', '44.99', 'Elegant midi skirt with a wrap design, great for both formal and casual events.', '00:20'),
('Spiced Pumpkin Soup', 'Masaje', '3.99', 'A creamy pumpkin soup with a blend of warm spices, ready to heat and serve.', '01:55'),
('Portable Projector', 'Herramienta', '199.99', 'Compact projector for movies and presentations on the go.', '01:05'),
('Mini Hand Gesture Drone', 'Accesorio', '29.99', 'Toy drone that flies with gestures and is easy to control.', '00:51'),
('Insulated Wine Tote', 'Servicio', '24.99', 'Stylish tote to keep wine bottles chilled while traveling.', '01:10'),
('Yoga Mat Carrier', 'Repuesto', '12.99', 'Convenient carrier for transporting yoga mat.', '00:11'),
('Maple Bacon Potato Chips', 'Materia Prima', '2.89', 'Savory potato chips with a hint of maple sweetness and crispy bacon flavor.', '01:01'),
('Miso Dressing', 'Bien de Consumo', '3.49', 'Flavorful dressing made with miso paste', '01:35'),
('Essential Oils Diffuser Necklace', 'Masaje', '19.99', 'Wearable diffuser for scenting your space and body.', '01:11'),
('LED Flashlight with Rechargeable Batteries', 'Servicio', '19.99', 'Bright flashlight with rechargeable batteries included.', '00:41'),
('Plant-Based Protein Bars', 'Repuesto', '19.99', 'Nutritious protein bars for on-the-go snacking.', '01:30'),
('Chocolate Hazelnut Spread', 'Bien de Capital', '5.99', 'A creamy spread made with chocolate and hazelnuts, perfect for toast.', '01:15'),
('Chicken Salad Kit', 'Estetica', '5.99', 'All-in-one kit for making delicious chicken salad.', '00:25'),
('Salt and Pepper Grinder Set', 'Accesorio', '19.99', 'Adjustable grinders for fresh spices at the table.', '01:45'),
('Electric Food Steamer', 'Herramienta', '59.99', 'Electric food steamer for healthy cooking.', '02:00'),
('Garlic Parmesan Roasted Nuts', 'Bien de Consumo', '4.89', 'Savory, roasted nuts seasoned with garlic and parmesan.', '00:40'),
('Spinach Feta Wraps', 'Servicio', '4.29', 'Whole wheat wraps filled with spinach, feta, and herbs.', '00:50'),
('Organic Coconut Yogurt', 'Materia Prima', '4.49', 'Dairy-free yogurt made from coconut milk.', '01:40'),
('Jigsaw Puzzle', 'Estetica', '14.99', '500-piece jigsaw puzzle featuring beautiful scenery.', '00:21'),
('Cinnamon Sugar Tortilla Chips', 'Bien de Capital', '3.29', 'Crispy chips with a sweet twist, perfect for dipping.', '00:35'),
('Quinoa & Black Bean Salad', 'Masaje', '7.49', 'A nutritious salad with quinoa and black beans', '00:01'),
('Multi-Purpose Scissors', 'Accesorio', '8.99', 'Heavy-duty scissors for crafting and office use.', '00:21'),
('Lentil Soup (canned)', 'Repuesto', '1.99', 'Hearty lentil soup for a quick meal.', '00:20'),
('Organic Cucumber', 'Herramienta', '1.29', 'Fresh organic cucumber perfect for salads or snacking.', '00:30'),
('Kale Salad with Lemon Dressing', 'Herramienta', '4.99', 'Fresh kale salad with a zesty lemon dressing, great as a side dish.', '00:41'),
('Infrared Space Heater', 'Bien de Consumo', '99.99', 'Energy-efficient infrared heater for home use.', '00:51'),
('Coconut Lime Rice', 'Servicio', '2.99', 'Flavorful rice mixed with coconut and lime, a tropical side dish.', '00:01'),
('Sweet Cherry Tomatoes', 'Bien de Capital', '2.99', 'Fresh and juicy cherry tomatoes for salads and snacking.', '00:05'),
('Spinach Pizza Rolls', 'Materia Prima', '4.99', 'Frozen pizza rolls stuffed with spinach and cheese, perfect for snacking.', '01:01'),
('Portable Pet Bathing Tool', 'Accesorio', '29.99', 'Handheld sprayer designed for washing pets easily.', '01:11'),
('Coconut Flakes', 'Estetica', '3.29', 'Unsweetened coconut flakes for baking and topping.', '01:30'),
('Multi-Tool', 'Repuesto', '39.99', 'Versatile multi-tool with 15 different functions.', '01:45'),
('Canned Sardines', 'Masaje', '3.29', 'Savory sardines packed in olive oil.', '01:40'),
('Pistachios', 'Bien de Consumo', '6.99', 'Roasted pistachios, a healthy and tasty snack.', '01:05'),
('Coconut Bowls Set', 'Accesorio', '22.99', 'Handmade eco-friendly bowls made from real coconuts.', '00:15'),
('Chia Seed Pudding', 'Repuesto', '3.99', 'Nutritious chia seed pudding in vanilla flavor, ready to eat.', '00:40'),
('Pet Safety Belt for Car', 'Materia Prima', '14.99', 'Seat belt attachment to keep dogs safe during car rides.', '01:10'),
('Tattoo Kit', 'Estetica', '99.99', 'Complete tattoo kit for beginners and professionals.', '01:25'),
('Memory Foam Mattress Topper', 'Masaje', '109.99', '3-inch memory foam mattress topper for added comfort.', '00:11'),
('Fruit Medley Juice', 'Servicio', '3.49', 'Refreshing juice blend made with various fresh fruits.', '00:35'),
('Roasted Red Pepper Dip', 'Herramienta', '3.29', 'A blend of roasted red peppers and spices, perfect for dipping.', '00:25'),
('Granola Bars', 'Bien de Capital', '4.99', 'Crispy and chewy granola bars, perfect for on-the-go.', '00:10'),
('Wireless Earbuds Case', 'Bien de Consumo', '12.99', 'Protective case for wireless earbuds.', '02:00'),
('Vegan Tacos', 'Masaje', '7.49', 'Frozen vegan tacos filled with plant-based protein and spices.', '01:35'),
('Electric Razor', 'Estetica', '59.99', 'Rechargeable electric razor for a smooth shave.', '01:20'),
('Apple Juice', 'Herramienta', '3.29', 'Refreshing apple juice, 100% juice with no added sugar.', '01:55'),
('Decorative Throw Blanket', 'Servicio', '39.99', 'Soft throw blanket for cozy home decor.', '00:31'),
('Savory Oats', 'Materia Prima', '2.49', 'Instant oats with a savory twist, such as herbs and spices.', '00:45'),
('Mediterranean Olives', 'Accesorio', '6.49', 'A mix of brined Mediterranean olives for snacking.', '01:15'),
('Kale Caesar Salad Kit', 'Repuesto', '5.99', 'Fresh kale with Caesar dressing and croutons.', '01:50'),
('Laptop Sleeve', 'Bien de Capital', '24.99', 'Padded laptop sleeve for protection against scratches.', '00:50'),
('Safety First Aid Kit', 'Accesorio', '29.99', 'Comprehensive first aid kit for home or travel emergencies.', '01:11'),
('Floral Summer Dress', 'Servicio', '39.99', 'Light and breezy dress perfect for summer outings with a vibrant floral pattern.', '00:11'),
('Sesame Ginger Dressing', 'Bien de Capital', '4.09', 'Tangy dressing perfect for salads and marinades, with sesame and ginger flavors.', '00:15'),
('Cheddar Cheese Crackers', 'Bien de Consumo', '2.29', 'Crunchy crackers topped with real cheddar cheese flavor.', '01:20'),
('Freestanding Wine Rack', 'Repuesto', '79.99', 'Stylish wine rack to store and display bottles.', '00:31'),
('Foot Massager', 'Estetica', '79.99', 'Electric foot massager with heat settings.', '00:41'),
('Pet Waterer with Filtration', 'Herramienta', '39.99', 'Automatic waterer that filters and provides fresh drinking water for pets.', '01:15'),
('Adjustable Pet Feeder', 'Materia Prima', '39.99', 'Convenient feeder that adjusts to your pet''s height.', '01:01'),
('Coffee Capsule Dispenser', 'Masaje', '24.99', 'Organize coffee capsules with this stylish dispenser.', '01:50'),
('Sliced Avocado', 'Herramienta', '2.79', 'Ready-to-eat avocado slices, perfect for tacos.', '01:45');


-- fabricate-flush


INSERT INTO proporcionarProductoNoPerecedero (nombreNegocio, nombre, tipo) VALUES
('Buffalo Chicken Wraps', 'Outdoor Adventure Kit', 'Material de oficina'),
('Almond Flour Pancake Mix', 'Greek Yogurt', 'Juguete'),
('Pet Training Pads', 'Artisan Cornbread Mix', 'Dispositivo electrónico'),
('Non-Stick Crepe Pan', 'LED Christmas Tree Lights', 'Accesorio de vehículo'),
('Coconut Granola', 'Travel Pillow with Memory Foam', 'Equipo deportivo'),
('Buffalo Stilton Cheese','Chicken Broth', 'Mueble'),
('Organic Cereal Bars', 'Multi-Function Smartphone Holder', 'Ropa'),
('Rechargeable Laptop Battery Pack', 'Video Camera', 'Electrodoméstico'),
('Mini Cordless Vacuum Cleaner', 'Self-Watering Planter', 'Material de construcción'),
('Fall-Themed Table Runner', 'Oven Thermometer', 'Herramienta'),
('Honey mustard chicken tenders', 'Portable Hammock Swing', 'Mueble'),
('Kids'' Trampoline', 'Fleece Lined Leggings', 'Material de oficina'),
('Over-the-Door Shoe Organizer', 'Organic Honeycrisp Apples', 'Ropa'),
('Board Game Storage', 'Organic Honeycrisp Apples', 'Ropa'),
('Over-the-Door Shoe Organizer', 'Organic Honeycrisp Apples', 'Ropa'),
('BBQ Sauce', 'Artisan Cornbread Mix', 'Dispositivo electrónico'),
('Fresh Cilantro', 'Dog Training Clicker', 'Material de construcción'),
('Corn Tortillas', 'Multifunctional Pocket Tool', 'Juguete'),
('Buffalo Cauliflower Wings', 'LED Desk Lamp with USB Charging', 'Herramienta'),
('Board Game Storage', 'Herbal Tea Infuser', 'Dispositivo electrónico'),
('Sliced Olives', 'Cooking Utensil Set', 'Accesorio de vehículo'),
('Frozen Cauliflower Rice', 'Organic Ramen Noodles', 'Electrodoméstico'),
('Quinoa and Kale Salad Kit', 'Foam Muscle Roller', 'Equipo deportivo'),
('BBQ Sauce', 'Self-Watering Planter', 'Material de construcción'),
('Frozen Cauliflower Rice', 'Foldable Yoga Mat Carry Bag', 'Herramienta'),
('Board Game Storage', 'Foldable Yoga Mat Carry Bag', 'Herramienta'),
('Sliced Olives', 'Foldable Yoga Mat Carry Bag', 'Herramienta'),
('Over-the-Door Shoe Organizer', 'LED Desk Lamp with USB Charging', 'Herramienta'),
('Coconut Granola', 'LED Desk Lamp with USB Charging', 'Herramienta'),
('BBQ Sauce', 'LED Desk Lamp with USB Charging', 'Herramienta'),
('Fresh Cilantro', 'LED Desk Lamp with USB Charging', 'Herramienta'),
('Corn Tortillas', 'LED Desk Lamp with USB Charging', 'Herramienta'),
('Sliced Olives', 'LED Desk Lamp with USB Charging', 'Herramienta'),
('Vegetable Fried Rice', 'Foldable Yoga Mat Carry Bag', 'Herramienta'),
('Wild Rice Pilaf', 'Habanero Hot Sauce', 'Ropa'),
('Multi-Purpose Plant Care Tool', 'Nutritional Yeast', 'Juguete'),
('Classic Pumps', 'Mediterranean Chickpea Bowl', 'Dispositivo electrónico'),
('Rice Noodles', 'Sesame Oil', 'Material de oficina'),
('Infrared Space Heater', 'Folding Exercise Bike', 'Accesorio de vehículo'),
('Travel Jewelry Organizer', 'Miso Soup Mix', 'Material de construcción'),
('Portable Phone Mug Holder', 'Andouille Sausage', 'Equipo deportivo'),
('Ice Cube Tray with Lid','Basil Tomato Soup', 'Mueble'),
('Dog Training Collar', 'Kids'' Activity Book', 'Electrodoméstico'),
('Laundry Detergent', 'Peanut Butter Pretzel Bites', 'Material de oficina'),
('Handmade Leather Wallet', 'Animal Paw Print Soap Dispenser', 'Material de construcción'),
('Comfortable Jogger Pants', 'Faux Fur Coat', 'Mueble'),
('Pasta Sauce Mix', 'Spicy Hummus', 'Accesorio de vehículo'),
('Gluten-Free Biscuits', 'Portable Solar Generator', 'Herramienta'),
('Garlic Butter Sauce', 'Cucumber Lime Sparkling Water', 'Dispositivo electrónico'),
('Vegetable Pizza Rolls', 'Casual Sneakers', 'Ropa'),
('Pet Food Storage Container', 'Compact Hair Dryer', 'Electrodoméstico'),
('Buttermilk Pancakes', 'Compact Shoe Rack', 'Juguete'),
('Camping Lantern', 'Wrap Front Midi Skirt', 'Equipo deportivo'),
('Ceramic Bakeware Set', 'Spiced Pumpkin Soup', 'Electrodoméstico'),
('Spicy Thai Noodles', 'Portable Projector', 'Juguete'),
('Basic V-Neck T-Shirt', 'Mini Hand Gesture Drone', 'Equipo deportivo'),
('Honey Sesame Chicken Mix', 'Insulated Wine Tote', 'Material de oficina'),
('Watercolor Paint Set', 'Yoga Mat Carrier', 'Material de construcción'),
('Silicone Baking Cups', 'Maple Bacon Potato Chips', 'Mueble'),
('Watercolor Brush Pens', 'Miso Dressing', 'Accesorio de vehículo'),
('Digital Photo Frame', 'Essential Oils Diffuser Necklace', 'Herramienta'),
('Chickpeas', 'LED Flashlight with Rechargeable Batteries', 'Dispositivo electrónico'),
('Multi-Purpose Plant Care Tool', 'LED Flashlight with Rechargeable Batteries', 'Dispositivo electrónico'),
('Multi-Purpose Plant Care Tool', 'Yoga Mat Carrier', 'Material de construcción'),
('Multi-Purpose Plant Care Tool', 'Mini Hand Gesture Drone', 'Equipo deportivo'),
('Multi-Purpose Plant Care Tool', 'Portable Projector', 'Juguete'),
('Collapsible Folding Chair', 'Plant-Based Protein Bars', 'Ropa'),
('Stainless Steel Water Pitcher', 'Chocolate Hazelnut Spread', 'Material de construcción'),
('Teriyaki Chicken Stir-Fry','Chicken Salad Kit', 'Mueble'),
('Wooden Toy Train Set', 'Salt and Pepper Grinder Set', 'Electrodoméstico'),
('Sliced Cucumbers', 'Electric Food Steamer', 'Juguete'),
('Pasta (Fusilli)', 'Garlic Parmesan Roasted Nuts', 'Herramienta'),
('Gardening Tools Set', 'Spinach Feta Wraps', 'Material de oficina'),
('Patterned Knit Scarf', 'Organic Coconut Yogurt', 'Ropa'),
('Portable Folding Picnic Table', 'Jigsaw Puzzle', 'Accesorio de vehículo'),
('Waffle Maker', 'Cinnamon Sugar Tortilla Chips', 'Equipo deportivo'),
('Cranberry Pecan Granola', 'Quinoa & Black Bean Salad', 'Dispositivo electrónico'),
('Handheld Vacuum', 'Multi-Purpose Scissors', 'Material de construcción'),
('Pepperoni Pizza Roll-Ups', 'Lentil Soup (canned)', 'Juguete'),
('Workstation Laptop Stand', 'Organic Cucumber', 'Herramienta'),
('Two-Tier Fruit Basket', 'Kale Salad with Lemon Dressing', 'Dispositivo electrónico'),
('Hand Mixer', 'Infrared Space Heater', 'Accesorio de vehículo'),
('Wildflower Honey', 'Coconut Lime Rice', 'Electrodoméstico'),
('Smartphone Gimbal', 'Sweet Cherry Tomatoes', 'Equipo deportivo'),
('Instant Mashed Potatoes', 'Spinach Pizza Rolls', 'Mueble'),
('Almond Flour Bread Mix', 'Portable Pet Bathing Tool', 'Material de oficina'),
('Mediterranean Olives', 'Coconut Flakes', 'Ropa'),
('Guitar Tuner', 'Multi-Tool', 'Dispositivo electrónico'),
('Roasted Sweet Corn', 'Canned Sardines', 'Material de oficina'),
('Granulated Sugar', 'Pistachios', 'Accesorio de vehículo'),
('Foldable Picnic Table', 'Coconut Bowls Set', 'Material de construcción'),
('Electric Kettle with Temperature Control', 'Chia Seed Pudding', 'Equipo deportivo'),
('Grilled Veggie Burgers', 'Pet Safety Belt for Car', 'Mueble'),
('Sweet BBQ Dipping Sauce', 'Tattoo Kit', 'Electrodoméstico'),
('Portable Solar Charger', 'Memory Foam Mattress Topper', 'Herramienta'),
('Caramelized Onion Dip Mix', 'Fruit Medley Juice', 'Ropa'),
('Leek and Potato Soup', 'Roasted Red Pepper Dip', 'Juguete'),
('Vanilla Ice Cream', 'Granola Bars', 'Ropa'),
('Streaming Device', 'Wireless Earbuds Case', 'Equipo deportivo'),
('Sliced Bell Peppers', 'Vegan Tacos', 'Dispositivo electrónico'),
('Digital Meat Thermometer', 'Electric Razor', 'Electrodoméstico'),
('Electric Kettle with Temperature Control', 'Apple Juice', 'Material de construcción'),
('Laundry Detergent','Decorative Throw Blanket', 'Juguete'),
('Workstation Laptop Stand', 'Electric Razor', 'Electrodoméstico'),
('Rice Noodles', 'Electric Razor', 'Electrodoméstico'),
('Teriyaki Chicken Stir-Fry', 'Electric Razor', 'Electrodoméstico'),
('LED Flashlight with Rechargeable Batteries', 'Electric Razor', 'Electrodoméstico'),
('Digital Photo Frame', 'Electric Razor', 'Electrodoméstico'),
('Lightweight Travel Backpack', 'Apple Juice', 'Material de construcción'),
('Organic Tomato Ketchup', 'Decorative Throw Blanket', 'Juguete'),
('Baby Monitor', 'Savory Oats', 'Mueble'),
('Flavored Instant Oatmeal', 'Mediterranean Olives', 'Material de oficina'),
('Lemon Herb Chicken', 'Kale Caesar Salad Kit', 'Accesorio de vehículo'),
('LED Flashlight with Rechargeable Batteries', 'Laptop Sleeve', 'Herramienta'),
('Rustic Italian Bread', 'Safety First Aid Kit', 'Accesorio de vehículo'),
('Decorative Throw Blanket', 'Floral Summer Dress', 'Electrodoméstico'),
('Active Racerback Tank', 'Sesame Ginger Dressing', 'Equipo deportivo'),
('Wireless Security Camera', 'Cheddar Cheese Crackers', 'Mueble'),
('Fitbit Activity Tracker', 'Freestanding Wine Rack', 'Material de oficina'),
('Vegetable Korma', 'Foot Massager', 'Ropa'),
('Folding Pocket Knife', 'Pet Waterer with Filtration', 'Material de construcción'),
('Spicy Chicken Wings', 'Adjustable Pet Feeder', 'Juguete'),
('Chic Ankle Strap Heels', 'Coffee Capsule Dispenser', 'Herramienta'),
('BBQ Sauce', 'Sliced Avocado', 'Dispositivo electrónico');


-- fabricate-flush


INSERT INTO proporcionarProductoPerecedero (nombreNegocio, nombre, tipo) VALUES
('Sliced Bell Peppers', 'Outdoor Adventure Kit', 'Mariscos'),
('Granulated Sugar', 'Greek Yogurt', 'Carne'),
('Sliced Cucumbers', 'Artisan Cornbread Mix', 'Postre refrigerado'),
('Ceramic Bakeware Set', 'LED Christmas Tree Lights', 'Panadería'),
('Chic Ankle Strap Heels', 'Travel Pillow with Memory Foam', 'Bebida fría'),
('Over-the-Door Shoe Organizer', 'Chicken Broth', 'Lácteo'),
('Chickpeas', 'Multi-Function Smartphone Holder', 'Pescado'),
('Quinoa and Kale Salad Kit', 'Video Camera', 'Fruta fresca'),
('Organic Cereal Bars', 'Self-Watering Planter', 'Embutido'),
('Portable Folding Picnic Table', 'Oven Thermometer', 'Vegetal'),
('Flavored Instant Oatmeal','Portable Hammock Swing', 'Lácteo'),
('Multi-Purpose Plant Care Tool', 'Fleece Lined Leggings', 'Mariscos'),
('Wireless Security Camera', 'LED Desk Lamp with USB Charging', 'Vegetal'),
('Sliced Olives', 'Organic Honeycrisp Apples', 'Pescado'),
('Rechargeable Laptop Battery Pack', 'Dog Training Clicker', 'Embutido'),
('Travel Jewelry Organizer', 'Multifunctional Pocket Tool', 'Carne'),
('Digital Meat Thermometer', 'Herbal Tea Infuser', 'Postre refrigerado'),
('Electric Kettle with Temperature Control', 'Cooking Utensil Set', 'Panadería'),
('Laundry Detergent', 'Organic Ramen Noodles', 'Fruta fresca'),
('Workstation Laptop Stand', 'Foam Muscle Roller', 'Bebida fría'),
('Rice Noodles', 'Foldable Yoga Mat Carry Bag', 'Vegetal'),
('Grilled Veggie Burgers', 'Habanero Hot Sauce', 'Pescado'),
('Teriyaki Chicken Stir-Fry', 'Nutritional Yeast', 'Carne'),
('LED Flashlight with Rechargeable Batteries', 'Mediterranean Chickpea Bowl', 'Postre refrigerado'),
('Digital Photo Frame', 'Sesame Oil', 'Mariscos'),
('Comfortable Jogger Pants', 'Folding Exercise Bike', 'Panadería'),
('Lightweight Travel Backpack', 'Miso Soup Mix', 'Embutido'),
('Almond Flour Pancake Mix', 'Andouille Sausage', 'Bebida fría'),
('Coconut Granola', 'Basil Tomato Soup', 'Lácteo'),
('Smartphone Gimbal', 'Kids'' Activity Book', 'Fruta fresca'),
('Classic Pumps', 'Peanut Butter Pretzel Bites', 'Mariscos'),
('Dog Training Collar', 'Animal Paw Print Soap Dispenser', 'Embutido'),
('Sweet BBQ Dipping Sauce', 'Faux Fur Coat', 'Lácteo'),
('Fall-Themed Table Runner', 'Spicy Hummus', 'Panadería'),
('Instant Mashed Potatoes', 'Portable Solar Generator', 'Vegetal'),
('Spicy Thai Noodles', 'Cucumber Lime Sparkling Water', 'Postre refrigerado'),
('Honey mustard chicken tenders', 'Casual Sneakers', 'Pescado'),
('Patterned Knit Scarf', 'Compact Hair Dryer', 'Fruta fresca'),
('Rustic Italian Bread', 'Compact Shoe Rack', 'Carne'),
('Pasta Sauce Mix', 'Wrap Front Midi Skirt', 'Bebida fría'),
('Collapsible Folding Chair', 'Spiced Pumpkin Soup', 'Fruta fresca'),
('Portable Solar Charger', 'Portable Projector', 'Carne'),
('Watercolor Brush Pens', 'Mini Hand Gesture Drone', 'Bebida fría'),
('Gardening Tools Set', 'Insulated Wine Tote', 'Mariscos'),
('Infrared Space Heater', 'Yoga Mat Carrier', 'Embutido'),
('Wooden Toy Train Set', 'Maple Bacon Potato Chips', 'Lácteo'),
('Guitar Tuner', 'Miso Dressing', 'Panadería'),
('BBQ Sauce', 'Essential Oils Diffuser Necklace', 'Vegetal'),
('Corn Tortillas', 'LED Flashlight with Rechargeable Batteries', 'Postre refrigerado'),
('Roasted Sweet Corn', 'Plant-Based Protein Bars', 'Pescado'),
('Portable Phone Mug Holder', 'Chocolate Hazelnut Spread', 'Embutido'),
('Streaming Device', 'Chicken Salad Kit', 'Lácteo'),
('Leek and Potato Soup', 'Salt and Pepper Grinder Set', 'Fruta fresca'),
('Kids'' Trampoline', 'Electric Food Steamer', 'Carne'),
('Wild Rice Pilaf', 'Garlic Parmesan Roasted Nuts', 'Vegetal'),
('Pet Food Storage Container', 'Spinach Feta Wraps', 'Mariscos'),
('Baby Monitor', 'Organic Coconut Yogurt', 'Pescado'),
('Caramelized Onion Dip Mix', 'Jigsaw Puzzle', 'Panadería'),
('Organic Tomato Ketchup', 'Cinnamon Sugar Tortilla Chips', 'Bebida fría'),
('Vanilla Ice Cream', 'Quinoa & Black Bean Salad', 'Postre refrigerado'),
('Folding Pocket Knife', 'Multi-Purpose Scissors', 'Embutido'),
('Buffalo Stilton Cheese', 'Lentil Soup (canned)', 'Carne'),
('Board Game Storage', 'Organic Cucumber', 'Vegetal'),
('Vegetable Fried Rice', 'Kale Salad with Lemon Dressing', 'Postre refrigerado'),
('Wildflower Honey', 'Infrared Space Heater', 'Panadería'),
('Vegetable Pizza Rolls', 'Coconut Lime Rice', 'Fruta fresca'),
('Lemon Herb Chicken', 'Sweet Cherry Tomatoes', 'Bebida fría'),
('Decorative Throw Blanket', 'Spinach Pizza Rolls', 'Lácteo'),
('Basic V-Neck T-Shirt', 'Portable Pet Bathing Tool', 'Mariscos'),
('Silicone Baking Cups', 'Coconut Flakes', 'Pescado'),
('Non-Stick Crepe Pan', 'Multi-Tool', 'Postre refrigerado'),
('Mini Cordless Vacuum Cleaner', 'Canned Sardines', 'Mariscos'),
('Foldable Picnic Table', 'Pistachios', 'Panadería'),
('Hand Mixer', 'Coconut Bowls Set', 'Embutido'),
('Honey Sesame Chicken Mix', 'Chia Seed Pudding', 'Bebida fría'),
('Frozen Cauliflower Rice', 'Pet Safety Belt for Car', 'Lácteo'),
('Pepperoni Pizza Roll-Ups', 'Tattoo Kit', 'Fruta fresca'),
('Stainless Steel Water Pitcher', 'Memory Foam Mattress Topper', 'Vegetal'),
('Camping Lantern', 'Fruit Medley Juice', 'Pescado'),
('Ice Cube Tray with Lid', 'Roasted Red Pepper Dip', 'Carne'),
('Buffalo Chicken Wraps', 'Granola Bars', 'Pescado'),
('Waffle Maker', 'Wireless Earbuds Case', 'Bebida fría'),
('Fitbit Activity Tracker', 'Vegan Tacos', 'Postre refrigerado'),
('Watercolor Paint Set', 'Electric Razor', 'Fruta fresca'),
('Garlic Butter Sauce', 'Apple Juice', 'Embutido'),
('Active Racerback Tank', 'Decorative Throw Blanket', 'Carne'),
('Buffalo Cauliflower Wings', 'Savory Oats', 'Lácteo'),
('Handheld Vacuum', 'Mediterranean Olives', 'Mariscos'),
('Spicy Chicken Wings', 'Kale Caesar Salad Kit', 'Panadería'),
('Handmade Leather Wallet', 'Laptop Sleeve', 'Vegetal'),
('Fresh Cilantro', 'Safety First Aid Kit', 'Panadería'),
('Vegetable Korma', 'Floral Summer Dress', 'Fruta fresca'),
('Buttermilk Pancakes', 'Sesame Ginger Dressing', 'Bebida fría'),
('Almond Flour Bread Mix', 'Cheddar Cheese Crackers', 'Lácteo'),
('Pasta (Fusilli)', 'Freestanding Wine Rack', 'Mariscos'),
('Two-Tier Fruit Basket', 'Foot Massager', 'Pescado'),
('Mediterranean Olives', 'Pet Waterer with Filtration', 'Embutido'),
('Pet Training Pads', 'Adjustable Pet Feeder', 'Carne'),
('Gluten-Free Biscuits','Coffee Capsule Dispenser', 'Vegetal'),
('Cranberry Pecan Granola', 'Sliced Avocado', 'Postre refrigerado');


-- fabricate-flush


INSERT INTO proporcionarServicio (nombreNegocio, nombre, tipo) VALUES
('Watercolor Brush Pens', 'Outdoor Adventure Kit', 'Estetica'),
('Foldable Picnic Table', 'Greek Yogurt', 'Herramienta'),
('Buffalo Cauliflower Wings', 'Artisan Cornbread Mix', 'Servicio'),
('Digital Meat Thermometer', 'LED Christmas Tree Lights', 'Materia Prima'),
('Active Racerback Tank', 'Travel Pillow with Memory Foam', 'Accesorio'),
('Camping Lantern', 'Chicken Broth', 'Repuesto'),
('Infrared Space Heater', 'Multi-Function Smartphone Holder', 'Bien de Capital'),
('Portable Phone Mug Holder', 'Video Camera', 'Bien de Consumo'),
('Cranberry Pecan Granola', 'Self-Watering Planter', 'Masaje'),
('Buttermilk Pancakes', 'Oven Thermometer', 'Bien de Consumo'),
('Waffle Maker', 'Portable Hammock Swing', 'Estetica'),
('BBQ Sauce', 'Fleece Lined Leggings', 'Servicio'),
('Sliced Olives', 'Organic Honeycrisp Apples', 'Herramienta'),
('Digital Photo Frame', 'Dog Training Clicker', 'Materia Prima'),
('Vanilla Ice Cream', 'Multifunctional Pocket Tool', 'Accesorio'),
('Wild Rice Pilaf', 'LED Desk Lamp with USB Charging', 'Bien de Capital'),
('Granulated Sugar', 'Herbal Tea Infuser', 'Masaje'),
('Ice Cube Tray with Lid', 'Cooking Utensil Set', 'Repuesto'),
('Smartphone Gimbal', 'Organic Ramen Noodles', 'Materia Prima'),
('Workstation Laptop Stand', 'Foam Muscle Roller', 'Accesorio'),
('Buffalo Chicken Wraps', 'Foldable Yoga Mat Carry Bag', 'Bien de Capital'),
('Laundry Detergent', 'Habanero Hot Sauce', 'Masaje'),
('Almond Flour Bread Mix', 'Nutritional Yeast', 'Repuesto'),
('LED Flashlight with Rechargeable Batteries', 'Mediterranean Chickpea Bowl', 'Bien de Consumo'),
('Grilled Veggie Burgers', 'Sesame Oil', 'Estetica'),
('Board Game Storage', 'Folding Exercise Bike', 'Servicio'),
('Pasta Sauce Mix', 'Miso Soup Mix', 'Herramienta'),
('Watercolor Paint Set', 'Andouille Sausage', 'Bien de Capital'),
('Leek and Potato Soup', 'Basil Tomato Soup', 'Materia Prima'),
('Classic Pumps', 'Kids'' Activity Book', 'Accesorio'),
('Pet Training Pads', 'Peanut Butter Pretzel Bites', 'Estetica'),
('Flavored Instant Oatmeal', 'Animal Paw Print Soap Dispenser', 'Repuesto'),
('Multi-Purpose Plant Care Tool', 'Faux Fur Coat', 'Masaje'),
('Wooden Toy Train Set', 'Spicy Hummus', 'Herramienta'),
('Mediterranean Olives', 'Portable Solar Generator', 'Bien de Consumo'),
('Streaming Device', 'Cucumber Lime Sparkling Water', 'Servicio'),
('Handheld Vacuum', 'Casual Sneakers', 'Materia Prima'),
('Organic Tomato Ketchup', 'Compact Hair Dryer', 'Bien de Consumo'),
('Stainless Steel Water Pitcher', 'Compact Shoe Rack', 'Estetica'),
('Two-Tier Fruit Basket', 'Wrap Front Midi Skirt', 'Bien de Capital'),
('Hand Mixer', 'Spiced Pumpkin Soup', 'Masaje'),
('Lightweight Travel Backpack', 'Portable Projector', 'Herramienta'),
('Silicone Baking Cups', 'Mini Hand Gesture Drone', 'Accesorio'),
('Vegetable Pizza Rolls', 'Insulated Wine Tote', 'Servicio'),
('Instant Mashed Potatoes', 'Yoga Mat Carrier', 'Repuesto'),
('Vegetable Korma', 'Maple Bacon Potato Chips', 'Materia Prima'),
('Wireless Security Camera', 'Miso Dressing', 'Bien de Consumo'),
('Organic Cereal Bars', 'Essential Oils Diffuser Necklace', 'Masaje'),
('Ceramic Bakeware Set', 'LED Flashlight with Rechargeable Batteries', 'Servicio'),
('Corn Tortillas', 'Plant-Based Protein Bars', 'Repuesto'),
('Rice Noodles', 'Chocolate Hazelnut Spread', 'Bien de Capital'),
('Fall-Themed Table Runner', 'Chicken Salad Kit', 'Estetica'),
('Gluten-Free Biscuits', 'Salt and Pepper Grinder Set', 'Accesorio'),
('Guitar Tuner', 'Electric Food Steamer', 'Herramienta'),
('Honey Sesame Chicken Mix', 'Garlic Parmesan Roasted Nuts', 'Bien de Consumo'),
('Wildflower Honey', 'Spinach Feta Wraps', 'Servicio'),
('Chickpeas', 'Organic Coconut Yogurt', 'Materia Prima'),
('Collapsible Folding Chair', 'Jigsaw Puzzle', 'Estetica'),
('Rustic Italian Bread', 'Cinnamon Sugar Tortilla Chips', 'Bien de Capital'),
('Non-Stick Crepe Pan', 'Quinoa & Black Bean Salad', 'Masaje'),
('Travel Jewelry Organizer', 'Multi-Purpose Scissors', 'Accesorio'),
('Sweet BBQ Dipping Sauce', 'Lentil Soup (canned)', 'Repuesto'),
('Teriyaki Chicken Stir-Fry', 'Organic Cucumber', 'Herramienta'),
('Comfortable Jogger Pants', 'Kale Salad with Lemon Dressing', 'Herramienta'),
('Kids'' Trampoline', 'Infrared Space Heater', 'Bien de Consumo'),
('Patterned Knit Scarf', 'Coconut Lime Rice', 'Servicio'),
('Chic Ankle Strap Heels', 'Sweet Cherry Tomatoes', 'Bien de Capital'),
('Fitbit Activity Tracker', 'Spinach Pizza Rolls', 'Materia Prima'),
('Frozen Cauliflower Rice', 'Portable Pet Bathing Tool', 'Accesorio'),
('Pepperoni Pizza Roll-Ups', 'Coconut Flakes', 'Estetica'),
('Handmade Leather Wallet', 'Multi-Tool', 'Repuesto'),
('Sliced Cucumbers', 'Canned Sardines', 'Masaje'),
('Portable Solar Charger', 'Pistachios', 'Bien de Consumo'),
('Basic V-Neck T-Shirt', 'Coconut Bowls Set', 'Accesorio'),
('Garlic Butter Sauce', 'Chia Seed Pudding', 'Repuesto'),
('Sliced Bell Peppers', 'Tattoo Kit', 'Estetica'),
('Mini Cordless Vacuum Cleaner', 'Pet Safety Belt for Car', 'Materia Prima'),
('Baby Monitor', 'Memory Foam Mattress Topper', 'Masaje'),
('Folding Pocket Knife', 'Fruit Medley Juice', 'Servicio'),
('Spicy Chicken Wings', 'Roasted Red Pepper Dip', 'Herramienta'),
('Gardening Tools Set', 'Granola Bars', 'Bien de Capital'),
('Electric Kettle with Temperature Control', 'Wireless Earbuds Case', 'Bien de Consumo'),
('Roasted Sweet Corn', 'Vegan Tacos', 'Masaje'),
('Lemon Herb Chicken', 'Electric Razor', 'Estetica'),
('Coconut Granola', 'Apple Juice', 'Herramienta'),
('Over-the-Door Shoe Organizer', 'Decorative Throw Blanket', 'Servicio'),
('Pet Food Storage Container', 'Savory Oats', 'Materia Prima'),
('Decorative Throw Blanket', 'Mediterranean Olives', 'Accesorio'),
('Caramelized Onion Dip Mix', 'Kale Caesar Salad Kit', 'Repuesto'),
('Almond Flour Pancake Mix', 'Laptop Sleeve', 'Bien de Capital'),
('Rechargeable Laptop Battery Pack', 'Safety First Aid Kit', 'Accesorio'),
('Quinoa and Kale Salad Kit', 'Floral Summer Dress', 'Servicio'),
('Spicy Thai Noodles', 'Sesame Ginger Dressing', 'Bien de Capital'),
('Buffalo Stilton Cheese', 'Cheddar Cheese Crackers', 'Bien de Consumo'),
('Pasta (Fusilli)', 'Freestanding Wine Rack', 'Repuesto'),
('Dog Training Collar', 'Foot Massager', 'Estetica'),
('Fresh Cilantro', 'Pet Waterer with Filtration', 'Herramienta'),
('Portable Folding Picnic Table', 'Adjustable Pet Feeder', 'Materia Prima'),
('Honey mustard chicken tenders', 'Coffee Capsule Dispenser', 'Masaje'),
('Vegetable Fried Rice', 'Sliced Avocado', 'Herramienta');

-- fabricate-flush


INSERT INTO redSocialNegocio (nombreNegocio, redSocial) VALUES
('Foldable Picnic Table', 'LinkedIn'),
('Gardening Tools Set', 'WhatsApp'),
('Buffalo Cauliflower Wings', 'Pinterest'),
('Camping Lantern', 'Discord'),
('Flavored Instant Oatmeal', 'YouTube'),
('Wooden Toy Train Set', 'Vimeo'),
('Honey Sesame Chicken Mix', 'VK'),
('Granulated Sugar', 'Line'),
('Rice Noodles', 'Instagram'),
('Pepperoni Pizza Roll-Ups', 'Reddit'),
('Two-Tier Fruit Basket', 'Flickr'),
('Rechargeable Laptop Battery Pack', 'Facebook'),
('Vegetable Korma', 'Snapchat'),
('Pet Training Pads', 'WeChat'),
('Buffalo Stilton Cheese', 'Twitter'),
('Sliced Cucumbers', 'Telegram'),
('Electric Kettle with Temperature Control', 'Twitch'),
('Collapsible Folding Chair', 'Medium'),
('Classic Pumps', 'Tumblr'),
('Basic V-Neck T-Shirt', 'TikTok'),
('Laundry Detergent', 'Instagram'),
('Teriyaki Chicken Stir-Fry', 'WhatsApp'),
('Sliced Olives', 'Flickr'),
('Garlic Butter Sauce', 'VK'),
('Almond Flour Pancake Mix', 'YouTube'),
('Digital Meat Thermometer', 'Line'),
('Buffalo Chicken Wraps', 'Tumblr'),
('Active Racerback Tank', 'Telegram'),
('Instant Mashed Potatoes', 'Twitch'),
('Portable Phone Mug Holder', 'Snapchat'),
('Corn Tortillas', 'Twitter'),
('Wildflower Honey', 'Discord'),
('Roasted Sweet Corn', 'WeChat'),
('Pet Food Storage Container', 'Vimeo'),
('Almond Flour Bread Mix', 'Medium'),
('LED Flashlight with Rechargeable Batteries', 'TikTok'),
('Dog Training Collar', 'LinkedIn'),
('Handheld Vacuum', 'Reddit'),
('Rustic Italian Bread', 'Facebook'),
('Buttermilk Pancakes', 'Pinterest'),
('Comfortable Jogger Pants', 'TikTok'),
('Kids'' Trampoline', 'Telegram'),
('Coconut Granola', 'Flickr'),
('Hand Mixer', 'Pinterest'),
('Chic Ankle Strap Heels', 'VK'),
('Gluten-Free Biscuits', 'YouTube'),
('Lightweight Travel Backpack', 'Twitter'),
('Fitbit Activity Tracker', 'Vimeo'),
('Caramelized Onion Dip Mix', 'Reddit'),
('Wild Rice Pilaf', 'WhatsApp'),
('Sliced Bell Peppers', 'Twitch'),
('Honey mustard chicken tenders', 'Snapchat'),
('Multi-Purpose Plant Care Tool', 'WeChat'),
('Travel Jewelry Organizer', 'Line'),
('BBQ Sauce', 'LinkedIn'),
('Fresh Cilantro', 'Discord'),
('Mini Cordless Vacuum Cleaner', 'Facebook'),
('Wireless Security Camera', 'Tumblr'),
('Vanilla Ice Cream', 'Medium'),
('Ceramic Bakeware Set', 'Instagram'),
('Spicy Thai Noodles', 'WeChat'),
('Folding Pocket Knife', 'Instagram'),
('Cranberry Pecan Granola', 'Flickr'),
('Smartphone Gimbal', 'Tumblr'),
('Non-Stick Crepe Pan', 'WhatsApp'),
('Sweet BBQ Dipping Sauce', 'Pinterest'),
('Pasta (Fusilli)', 'Reddit'),
('Pasta Sauce Mix', 'Snapchat'),
('Waffle Maker', 'Telegram'),
('Frozen Cauliflower Rice', 'Discord'),
('Leek and Potato Soup', 'Facebook'),
('Workstation Laptop Stand', 'Line'),
('Vegetable Fried Rice', 'Twitter'),
('Guitar Tuner', 'VK'),
('Watercolor Brush Pens', 'TikTok'),
('Quinoa and Kale Salad Kit', 'Medium'),
('Decorative Throw Blanket', 'YouTube'),
('Streaming Device', 'LinkedIn'),
('Digital Photo Frame', 'Vimeo'),
('Stainless Steel Water Pitcher', 'Twitch'),
('Ice Cube Tray with Lid', 'Facebook'),
('Infrared Space Heater', 'Pinterest'),
('Handmade Leather Wallet', 'Tumblr'),
('Portable Solar Charger', 'Twitter'),
('Over-the-Door Shoe Organizer', 'Reddit'),
('Spicy Chicken Wings', 'VK'),
('Mediterranean Olives', 'YouTube'),
('Silicone Baking Cups', 'Instagram'),
('Board Game Storage', 'Twitch'),
('Portable Folding Picnic Table', 'Line'),
('Chickpeas', 'WeChat'),
('Organic Cereal Bars', 'Medium'),
('Watercolor Paint Set', 'Telegram'),
('Lemon Herb Chicken', 'WhatsApp'),
('Fall-Themed Table Runner', 'Snapchat'),
('Organic Tomato Ketchup', 'LinkedIn'),
('Patterned Knit Scarf', 'Vimeo'),
('Vegetable Pizza Rolls', 'Discord'),
('Baby Monitor', 'Flickr'),
('Grilled Veggie Burgers', 'TikTok');


-- fabricate-flush


INSERT INTO registrarCompraNoPerecedero (idTicket, nombre, tipo, cantidadComprada) VALUES
('93', 'LED Flashlight with Rechargeable Batteries', 'Dispositivo electrónico', '10'),
('1', 'LED Desk Lamp with USB Charging', 'Herramienta', '1'),
('10', 'Fleece Lined Leggings', 'Material de oficina', '3'),
('10', 'Fleece Lined Leggings', 'Material de oficina', '61'),
('70', 'Freestanding Wine Rack', 'Material de oficina', '10'),
('70', 'Freestanding Wine Rack', 'Material de oficina', '1'),
('61', 'Miso Dressing', 'Accesorio de vehículo', '85'),
('100', 'Organic Honeycrisp Apples', 'Ropa', '45'),
('100', 'Herbal Tea Infuser', 'Dispositivo electrónico', '45'),
('100', 'Foldable Yoga Mat Carry Bag', 'Herramienta', '45'),
('91', 'Multifunctional Pocket Tool', 'Juguete', '17'),
('91', 'LED Desk Lamp with USB Charging', 'Herramienta', '17'),
('53', 'Cinnamon Sugar Tortilla Chips', 'Equipo deportivo', '28'),
('97', 'Granola Bars', 'Ropa', '76'),
('98', 'Organic Honeycrisp Apples', 'Ropa', '75'),
('98', 'Organic Honeycrisp Apples', 'Ropa', '75'),
('98', 'LED Desk Lamp with USB Charging', 'Herramienta', '75'),
('54', 'Organic Coconut Yogurt', 'Ropa', '17'),
('31', 'Greek Yogurt', 'Juguete', '97'),
('85', 'Pet Waterer with Filtration', 'Material de construcción', '3'),
('24', 'Pet Safety Belt for Car', 'Mueble', '19'),
('32', 'Organic Cucumber', 'Herramienta', '50'),
('32', 'Electric Razor', 'Electrodoméstico', '50'),
('15', 'Yoga Mat Carrier', 'Material de construcción', '82'),
('74', 'Wireless Earbuds Case', 'Equipo deportivo', '11'),
('17', 'Electric Razor', 'Electrodoméstico', '64'),
('17', 'Laptop Sleeve', 'Herramienta', '64'),
('99', 'Animal Paw Print Soap Dispenser', 'Material de construcción', '65'),
('90', 'Mini Hand Gesture Drone', 'Equipo deportivo', '89'),
('42', 'Sesame Ginger Dressing', 'Equipo deportivo', '79'),
('69', 'Peanut Butter Pretzel Bites', 'Material de oficina', '43'),
('69', 'Decorative Throw Blanket', 'Juguete', '43'),
('96', 'Garlic Parmesan Roasted Nuts', 'Herramienta', '52'),
('5', 'Sweet Cherry Tomatoes', 'Equipo deportivo', '33'),
('18', 'Quinoa & Black Bean Salad', 'Dispositivo electrónico', '89'),
('72', 'Spinach Feta Wraps', 'Material de oficina', '48'),
('46', 'Compact Hair Dryer', 'Electrodoméstico', '19'),
('79', 'Kale Caesar Salad Kit', 'Accesorio de vehículo', '3'),
('79', 'Kale Caesar Salad Kit', 'Accesorio de vehículo', '3'),
('94', 'Multi-Function Smartphone Holder', 'Ropa', '52'),
('35', 'Andouille Sausage', 'Equipo deportivo', '16'),
('57', 'Miso Soup Mix', 'Material de construcción', '98'),
('22', 'Portable Hammock Swing', 'Mueble', '63'),
('45', 'Sesame Oil', 'Material de oficina', '80'),
('45', 'Electric Razor', 'Electrodoméstico', '80'),
('43', 'Electric Food Steamer', 'Juguete', '16'),
('21', 'Adjustable Pet Feeder', 'Juguete', '18'),
('63', 'Compact Shoe Rack', 'Juguete', '81'),
('23', 'Sesame Oil', 'Material de oficina', '63'),
('23', 'Electric Razor', 'Electrodoméstico', '63'),
('40', 'Electric Razor', 'Electrodoméstico', '21'),
('55', 'Canned Sardines', 'Material de oficina', '2'),
('88', 'Kale Salad with Lemon Dressing', 'Dispositivo electrónico', '8'),
('2', 'Cooking Utensil Set', 'Accesorio de vehículo', '26'),
('2', 'Foldable Yoga Mat Carry Bag', 'Herramienta', '26'),
('2', 'LED Desk Lamp with USB Charging', 'Herramienta', '26'),
('65', 'Multi-Tool', 'Dispositivo electrónico', '28'),
('84', 'Artisan Cornbread Mix', 'Dispositivo electrónico', '6'),
('86', 'Essential Oils Diffuser Necklace', 'Herramienta', '7'),
('86', 'Electric Razor', 'Electrodoméstico', '7'),
('87', 'Chicken Broth', 'Mueble', '8'),
('88', 'Kale Salad with Lemon Dressing', 'Dispositivo electrónico', '9'),
('89', 'Wrap Front Midi Skirt', 'Equipo deportivo', '8'),
('90', 'Mini Hand Gesture Drone', 'Equipo deportivo', '2'),
('91', 'Multifunctional Pocket Tool', 'Juguete', '4'),
('92', 'Kale Caesar Salad Kit', 'Accesorio de vehículo', '6'),
('93', 'LED Flashlight with Rechargeable Batteries', 'Dispositivo electrónico', '8'),
('94', 'Multi-Function Smartphone Holder', 'Ropa', '10'),
('95', 'Portable Pet Bathing Tool', 'Material de oficina', '13'),
('96', 'Garlic Parmesan Roasted Nuts', 'Herramienta', '14'),
('97', 'Granola Bars', 'Ropa', '16'),
('98', 'Organic Honeycrisp Apples', 'Ropa', '18'),
('99', 'Animal Paw Print Soap Dispenser', 'Material de construcción', '2'),
('44', 'Casual Sneakers', 'Ropa', '74'),
('49', 'Spicy Hummus', 'Accesorio de vehículo', '78'),
('48', 'Coconut Bowls Set', 'Material de construcción', '70'),
('82', 'Foot Massager', 'Ropa', '12'),
('45', 'Sesame Oil', 'Material de oficina', '4'),
('33', 'Mediterranean Olives', 'Material de oficina', '35'),
('80', 'Memory Foam Mattress Topper', 'Herramienta', '79'),
('9', 'Peanut Butter Pretzel Bites', 'Material de oficina', '65'),
('67', 'Floral Summer Dress', 'Electrodoméstico', '1'),
('75', 'Coconut Flakes', 'Ropa', '1'),
('71', 'Habanero Hot Sauce', 'Ropa', '1'),
('56', 'Mediterranean Chickpea Bowl', 'Dispositivo electrónico', '51'),
('43', 'Electric Food Steamer', 'Juguete', '1'),
('85', 'Pet Waterer with Filtration', 'Material de construcción', '1'),
('74', 'Wireless Earbuds Case', 'Equipo deportivo', '1'),
('55', 'Canned Sardines', 'Material de oficina', '1'),
('65', 'Multi-Tool', 'Dispositivo electrónico', '1'),
('66', 'Outdoor Adventure Kit', 'Material de oficina', '1'),
('69', 'Peanut Butter Pretzel Bites', 'Material de oficina', '1'),
('69', 'Decorative Throw Blanket', 'Juguete', '1'),
('70', 'Freestanding Wine Rack', 'Material de oficina', '1'),
('72', 'Spinach Feta Wraps', 'Material de oficina', '1'),
('73', 'Coconut Bowls Set', 'Material de construcción', '1'),
('51', 'Outdoor Adventure Kit', 'Material de oficina', '2'),
('4', 'Sweet Cherry Tomatoes', 'Equipo deportivo', '1');



-- fabricate-flush


INSERT INTO registrarCompraPerecedero (idTicket, nombre, tipo, cantidadComprada) VALUES
('84', 'Adjustable Pet Feeder', 'Carne', '14'),
('29', 'Fleece Lined Leggings', 'Mariscos', '40'),
('89', 'Fruit Medley Juice', 'Pescado', '44'),
('53', 'Wireless Earbuds Case', 'Bebida fría', '22'),
('36', 'Organic Cucumber', 'Vegetal', '56'),
('88', 'Foot Massager', 'Pescado', '51'),
('80', 'Portable Projector', 'Carne', '58'),
('52', 'Salt and Pepper Grinder Set', 'Fruta fresca', '11'),
('64', 'Roasted Red Pepper Dip', 'Carne', '25'),
('46', 'Spinach Feta Wraps', 'Mariscos', '5'),
('8', 'Sesame Ginger Dressing', 'Bebida fría', '87'),
('97', 'Quinoa & Black Bean Salad', 'Postre refrigerado', '84'),
('77', 'Pet Safety Belt for Car', 'Lácteo', '3'),
('54', 'Compact Hair Dryer', 'Fruta fresca', '55'),
('99', 'Laptop Sleeve', 'Vegetal', '82'),
('2', 'Organic Honeycrisp Apples', 'Pescado', '28'),
('25', 'Portable Hammock Swing', 'Lácteo', '34'),
('59', 'Cooking Utensil Set', 'Panadería', '25'),
('4', 'Kids'' Activity Book', 'Fruta fresca', '36'),
('22', 'Casual Sneakers', 'Pescado', '69'),
('9', 'Organic Ramen Noodles', 'Fruta fresca', '47'),
('95', 'Cheddar Cheese Crackers', 'Lácteo', '26'),
('70', 'Vegan Tacos', 'Postre refrigerado', '89'),
('57', 'Multifunctional Pocket Tool', 'Carne', '82'),
('73', 'Pistachios', 'Panadería', '44'),
('1', 'Savory Oats', 'Lácteo', '103'),
('13', 'Yoga Mat Carrier', 'Embutido', '67'),
('33', 'Portable Hammock Swing', 'Lácteo', '12'),
('93', 'Multi-Function Smartphone Holder', 'Pescado', '16'),
('15', 'Electric Razor', 'Fruta fresca', '43'),
('67', 'Spinach Pizza Rolls', 'Lácteo', '66'),
('26', 'Chia Seed Pudding', 'Bebida fría', '83'),
('79', 'Sweet Cherry Tomatoes', 'Bebida fría', '45'),
('55', 'Plant-Based Protein Bars', 'Pescado', '99'),
('83', 'Greek Yogurt', 'Carne', '4'),
('14', 'Wireless Earbuds Case', 'Bebida fría', '28'),
('3', 'Sesame Oil', 'Mariscos', '46'),
('98', 'Chicken Broth', 'Lácteo', '24'),
('62', 'Roasted Red Pepper Dip', 'Carne', '57'),
('94', 'Self-Watering Planter', 'Embutido', '28'),
('5', 'Kids'' Activity Book', 'Fruta fresca', '54'),
('63', 'Sesame Ginger Dressing', 'Bebida fría', '37'),
('41', 'Maple Bacon Potato Chips', 'Lácteo', '7'),
('48', 'Pistachios', 'Panadería', '45'),
('31', 'Andouille Sausage', 'Bebida fría', '30'),
('20', 'Coconut Bowls Set', 'Embutido', '96'),
('23', 'Foldable Yoga Mat Carry Bag', 'Vegetal', '31'),
('12', 'Mediterranean Chickpea Bowl', 'Postre refrigerado','53'),
('56', 'Peanut Butter Pretzel Bites', 'Mariscos', '53'),
('32', 'Foam Muscle Roller', 'Bebida fría', '97'),
('47', 'Sweet Cherry Tomatoes', 'Bebida fría', '93'),
('19', 'Essential Oils Diffuser Necklace', 'Vegetal', '50'),
('96', 'Freestanding Wine Rack', 'Mariscos', '57'),
('61', 'Mini Hand Gesture Drone', 'Bebida fría', '56'),
('68', 'Adjustable Pet Feeder', 'Carne', '23'),
('76', 'Portable Solar Generator', 'Vegetal', '24'),
('50', 'Mediterranean Olives', 'Mariscos', '58'),
('71', 'Garlic Parmesan Roasted Nuts', 'Vegetal', '28'),
('42', 'Decorative Throw Blanket', 'Carne', '54'),
('49', 'Wrap Front Midi Skirt', 'Bebida fría', '78'),
('82', 'Floral Summer Dress', 'Fruta fresca', '10'),
('58', 'Pet Safety Belt for Car', 'Lácteo', '22'),
('10', 'Electric Food Steamer', 'Carne', '93'),
('34', 'Cheddar Cheese Crackers', 'Lácteo', '42'),
('75', 'Pet Waterer with Filtration', 'Embutido', '92'),
('16', 'Quinoa & Black Bean Salad', 'Postre refrigerado', '58'),
('66', 'Granola Bars', 'Pescado', '74'),
('38', 'Coffee Capsule Dispenser', 'Vegetal', '16'),
('92', 'Sweet Cherry Tomatoes', 'Bebida fría', '52'),
('27', 'Travel Pillow with Memory Foam', 'Bebida fría', '75'),
('90', 'Portable Pet Bathing Tool', 'Mariscos', '69'),
('17', 'Mediterranean Chickpea Bowl', 'Postre refrigerado', '72'),
('18', 'Sliced Avocado', 'Postre refrigerado', '11'),
('78', 'Foldable Yoga Mat Carry Bag', 'Vegetal', '9'),
('28', 'Foam Muscle Roller', 'Bebida fría', '7'),
('86', 'Sesame Oil', 'Mariscos', '14'),
('37', 'Organic Coconut Yogurt', 'Pescado', '62'),
('30', 'Travel Pillow with Memory Foam', 'Bebida fría', '90'),
('24', 'Habanero Hot Sauce', 'Pescado', '88'),
('69', 'Organic Ramen Noodles', 'Fruta fresca', '71'),
('69', 'Organic Ramen Noodles', 'Fruta fresca', '1'),
('72', 'Insulated Wine Tote', 'Mariscos', '59'),
('91', 'LED Flashlight with Rechargeable Batteries', 'Postre refrigerado', '17'),
('74', 'Chicken Salad Kit', 'Lácteo', '36'),
('81', 'Chocolate Hazelnut Spread', 'Embutido', '37'),
('45', 'Foldable Yoga Mat Carry Bag', 'Vegetal', '12'),
('7', 'Mini Hand Gesture Drone', 'Bebida fría', '88'),
('87', 'Lentil Soup (canned)', 'Carne', '31'),
('43', 'Artisan Cornbread Mix', 'Postre refrigerado', '65'),
('21', 'Kale Caesar Salad Kit', 'Panadería', '90'),
('40', 'Herbal Tea Infuser', 'Postre refrigerado', '14'),
('10', 'Electric Food Steamer', 'Carne', '17'),
('51', 'Granola Bars', 'Pescado', '42'),
('35', 'Chocolate Hazelnut Spread', 'Embutido', '61'),
('39', 'Dog Training Clicker', 'Embutido', '17'),
('44', 'Coconut Lime Rice', 'Fruta fresca', '45'),
('85', 'Multi-Purpose Scissors', 'Embutido', '18'),
('65', 'Miso Dressing', 'Panadería', '54'),
('60', 'Organic Honeycrisp Apples', 'Pescado', '1'),
('6', 'Memory Foam Mattress Topper', 'Vegetal', '82'),
('1', 'Savory Oats', 'Lácteo', '1'),
('101', 'Foldable Yoga Mat Carry Bag', 'Vegetal', '10'),
('102', 'Foldable Yoga Mat Carry Bag', 'Vegetal', '8'),
('103', 'Foldable Yoga Mat Carry Bag', 'Vegetal', '5'),
('104', 'Foldable Yoga Mat Carry Bag', 'Vegetal', '7'),
('105', 'Foldable Yoga Mat Carry Bag', 'Vegetal', '12'),
('106', 'Foldable Yoga Mat Carry Bag', 'Vegetal', '5'),
('107', 'Foldable Yoga Mat Carry Bag', 'Vegetal', '8'),
('108', 'Foldable Yoga Mat Carry Bag', 'Vegetal', '3'),
('109', 'Foldable Yoga Mat Carry Bag', 'Vegetal', '4'),
('110', 'Foldable Yoga Mat Carry Bag', 'Vegetal', '9'),
('111', 'Foldable Yoga Mat Carry Bag', 'Vegetal', '2'),
('112', 'Foldable Yoga Mat Carry Bag', 'Vegetal', '6'),
('113', 'Foldable Yoga Mat Carry Bag', 'Vegetal', '3'),
('114', 'Foldable Yoga Mat Carry Bag', 'Vegetal', '7'),
('115', 'Foldable Yoga Mat Carry Bag', 'Vegetal', '2'),
('116', 'Foldable Yoga Mat Carry Bag', 'Vegetal', '6'),
('117', 'Foldable Yoga Mat Carry Bag', 'Vegetal', '4'),
('118', 'Foldable Yoga Mat Carry Bag', 'Vegetal', '5'),
('119', 'Foldable Yoga Mat Carry Bag', 'Vegetal', '5'),
('120', 'Foldable Yoga Mat Carry Bag', 'Vegetal', '3'),
('121', 'Foldable Yoga Mat Carry Bag', 'Vegetal', '2'),
('122', 'Foldable Yoga Mat Carry Bag', 'Vegetal', '5'),
('123', 'Foldable Yoga Mat Carry Bag', 'Vegetal', '7'),
('124', 'Foldable Yoga Mat Carry Bag', 'Vegetal', '4'),
('125', 'Foldable Yoga Mat Carry Bag', 'Vegetal', '6'),
('126', 'Foldable Yoga Mat Carry Bag', 'Vegetal', '5'),
('127', 'Foldable Yoga Mat Carry Bag', 'Vegetal', '3'),
('128', 'Foldable Yoga Mat Carry Bag', 'Vegetal', '8'),
('129', 'Foldable Yoga Mat Carry Bag', 'Vegetal', '9'),
('130', 'Foldable Yoga Mat Carry Bag', 'Vegetal', '6');


-- fabricate-flush

INSERT INTO registrarCompraServicio (idTicket, nombre, tipo) VALUES
('61', 'Outdoor Adventure Kit', 'Estetica'),
('73', 'Greek Yogurt', 'Herramienta'),
('1', 'Artisan Cornbread Mix', 'Servicio'),
('40','LED Christmas Tree Lights', 'Materia Prima'),
('11', 'Travel Pillow with Memory Foam', 'Accesorio'),
('89', 'Chicken Broth', 'Repuesto'),
('13', 'Multi-Function Smartphone Holder', 'Bien de Capital'),
('35', 'Video Camera', 'Bien de Consumo'),
('18', 'Self-Watering Planter', 'Masaje'),
('8', 'Oven Thermometer', 'Bien de Consumo'),
('53', 'Portable Hammock Swing', 'Estetica'),
('19', 'Fleece Lined Leggings', 'Servicio'),
('2', 'Organic Honeycrisp Apples', 'Herramienta'),
('86', 'Dog Training Clicker', 'Materia Prima'),
('97', 'Multifunctional Pocket Tool', 'Accesorio'),
('71', 'LED Desk Lamp with USB Charging', 'Bien de Capital'),
('83', 'Herbal Tea Infuser', 'Masaje'),
('62', 'Cooking Utensil Set', 'Repuesto'),
('5', 'Organic Ramen Noodles', 'Materia Prima'),
('32', 'Foam Muscle Roller', 'Accesorio'),
('66', 'Foldable Yoga Mat Carry Bag', 'Bien de Capital'),
('9', 'Habanero Hot Sauce', 'Masaje'),
('95', 'Nutritional Yeast', 'Repuesto'),
('12', 'Mediterranean Chickpea Bowl', 'Bien de Consumo'),
('24', 'Sesame Oil', 'Estetica'),
('100', 'Folding Exercise Bike', 'Servicio'),
('49', 'Miso Soup Mix', 'Herramienta'),
('15', 'Andouille Sausage', 'Bien de Capital'),
('52', 'Basil Tomato Soup', 'Materia Prima'),
('56', 'Kids'' Activity Book', 'Accesorio'),
('68', 'Peanut Butter Pretzel Bites', 'Estetica'),
('33', 'Animal Paw Print Soap Dispenser', 'Repuesto'),
('29', 'Faux Fur Coat', 'Masaje'),
('88', 'Wrap Front Midi Skirt', 'Bien de Capital'),
('99', 'Multi-Tool', 'Repuesto'),
('85', 'Fruit Medley Juice', 'Servicio'),
('64', 'Cooking Utensil Set', 'Repuesto'),
('81', 'Video Camera', 'Bien de Consumo'),
('26', 'Garlic Parmesan Roasted Nuts', 'Bien de Consumo'),
('14', 'Portable Hammock Swing', 'Estetica'),
('46', 'Savory Oats', 'Materia Prima'),
('50', 'Casual Sneakers', 'Materia Prima'),
('3', 'Dog Training Clicker', 'Materia Prima'),
('44', 'Insulated Wine Tote', 'Servicio'),
('23', 'Chocolate Hazelnut Spread', 'Bien de Capital'),
('51', 'Foldable Yoga Mat Carry Bag', 'Bien de Capital'),
('80', 'Pistachios', 'Bien de Consumo'),
('6', 'Compact Shoe Rack', 'Estetica'),
('43', 'Canned Sardines', 'Masaje'),
('55', 'Vegan Tacos', 'Masaje'),
('65', 'Electric Food Steamer', 'Herramienta'),
('30', 'Sweet Cherry Tomatoes', 'Bien de Capital'),
('98', 'Decorative Throw Blanket', 'Servicio'),
('34', 'Nutritional Yeast', 'Repuesto'),
('39', 'Safety First Aid Kit', 'Accesorio'),
('76', 'Yoga Mat Carrier', 'Repuesto'),
('58', 'Portable Pet Bathing Tool', 'Accesorio'),
('48', 'Greek Yogurt', 'Herramienta'),
('36', 'Folding Exercise Bike', 'Servicio'),
('91', 'Plant-Based Protein Bars', 'Repuesto'),
('74', 'Cucumber Lime Sparkling Water', 'Servicio'),
('28', 'Foam Muscle Roller', 'Accesorio'),
('75', 'Portable Solar Generator', 'Bien de Consumo'),
('4', 'Organic Ramen Noodles', 'Materia Prima'),
('10', 'Infrared Space Heater', 'Bien de Consumo'),
('16', 'Multifunctional Pocket Tool', 'Accesorio'),
('93', 'Organic Coconut Yogurt', 'Materia Prima'),
('72', 'Granola Bars', 'Bien de Capital'),
('41', 'Spicy Hummus', 'Herramienta'),
('79', 'Electric Razor', 'Estetica'),
('92', 'Electric Razor', 'Estetica'),
('47', 'Electric Razor', 'Estetica'),
('96', 'Freestanding Wine Rack', 'Repuesto'),
('17', 'Mediterranean Chickpea Bowl', 'Bien de Consumo'),
('31', 'Laptop Sleeve', 'Bien de Capital'),
('70', 'Spinach Pizza Rolls', 'Materia Prima'),
('37', 'Memory Foam Mattress Topper', 'Masaje'),
('69', 'Habanero Hot Sauce', 'Masaje'),
('21', 'Roasted Red Pepper Dip', 'Herramienta'),
('59', 'Wireless Earbuds Case', 'Bien de Consumo'),
('7', 'Outdoor Adventure Kit', 'Estetica'),
('20', 'Spiced Pumpkin Soup', 'Masaje'),
('25', 'Animal Paw Print Soap Dispenser', 'Repuesto'),
('42', 'Travel Pillow with Memory Foam', 'Accesorio'),
('84', 'Peanut Butter Pretzel Bites', 'Estetica'),
('87', 'Cheddar Cheese Crackers', 'Bien de Consumo'),
('77', 'Portable Pet Bathing Tool', 'Accesorio'),
('63', 'Oven Thermometer', 'Bien de Consumo'),
('27', 'Sweet Cherry Tomatoes', 'Bien de Capital'),
('67', 'Mediterranean Olives', 'Accesorio'),
('90', 'Coconut Bowls Set', 'Accesorio'),
('57', 'Multi-Purpose Scissors', 'Accesorio'),
('94', 'Essential Oils Diffuser Necklace', 'Masaje'),
('54', 'Coconut Lime Rice', 'Servicio'),
('22', 'Coffee Capsule Dispenser', 'Masaje'),
('60', 'Organic Honeycrisp Apples', 'Herramienta'),
('82', 'Maple Bacon Potato Chips', 'Materia Prima'),
('38', 'Salt and Pepper Grinder Set', 'Accesorio'),
('45', 'Chocolate Hazelnut Spread', 'Bien de Capital'),
('78', 'Chocolate Hazelnut Spread', 'Bien de Capital');

-- fabricate-flush
